source_id,last_attempt,last_success,last_failure,last_error,latest_ref_date,rows_added
breakeven_10y,2026-10-08 21:39:30.673743,,2026-10-08 21:39:30.673743,"skipped, fred.stlouisfed.org unreachable this run (TimeoutError)",,
brent_monthly,2026-10-08 21:39:14.909678,2026-10-08 21:39:14.909678,,,2026-09-01,0
cftc_cot,2026-10-08 21:39:36.858344,2026-10-08 21:39:36.858344,2026-10-08 20:52:23.976088,,2026-09-29,21200
dollar_broad,2026-10-08 21:39:30.676538,,2026-10-08 21:39:30.676538,"skipped, fred.stlouisfed.org unreachable this run (TimeoutError)",,
fed_funds_eff,2026-10-08 21:39:30.684566,,2026-10-08 21:39:30.684566,"skipped, fred.stlouisfed.org unreachable this run (TimeoutError)",,
fed_target_upper,2026-10-08 21:39:30.687207,,2026-10-08 21:39:30.687207,"skipped, fred.stlouisfed.org unreachable this run (TimeoutError)",,
gold_usd_monthly,2026-10-08 21:39:13.903074,2026-10-08 21:39:13.903074,,,2026-09-01,0
gold_vol,2026-10-08 21:39:30.681803,,2026-10-08 21:39:30.681803,"skipped, fred.stlouisfed.org unreachable this run (TimeoutError)",,
gpr_daily,2026-10-08 21:39:38.687457,2026-10-08 21:39:38.687457,2026-10-08 20:52:54.450622,,2026-10-05,15253
gpr_monthly,2026-10-08 21:39:37.509213,2026-10-08 21:39:37.509213,2026-10-08 20:52:39.159632,,2026-09-01,501
manual_reports,2026-10-08 21:39:38.694232,2026-10-08 21:39:38.694232,,,,0
real_yield_10y,2026-10-08 21:39:30.669084,,2026-10-08 21:39:30.669084,DownloadError: real_yield_10y: download failed: The read operation timed out,,
us_10y_yield_monthly,2026-10-08 21:39:14.444635,2026-10-08 21:39:14.444635,,,2026-08-01,0
us_core_cpi,2026-10-08 21:39:30.693071,,2026-10-08 21:39:30.693071,"skipped, fred.stlouisfed.org unreachable this run (TimeoutError)",,
us_cpi_fred,2026-10-08 21:39:30.690326,,2026-10-08 21:39:30.690326,"skipped, fred.stlouisfed.org unreachable this run (TimeoutError)",,
us_cpi_mirror,2026-10-08 21:39:14.292753,2026-10-08 21:39:14.292753,,,2026-08-01,0
us_payrolls,2026-10-08 21:39:54.350490,,2026-10-08 21:39:54.350490,DownloadError: us_payrolls: download failed: The read operation timed out,,
us_unemployment,2026-10-08 21:39:54.355300,,2026-10-08 21:39:54.355300,"skipped, fred.stlouisfed.org unreachable this run (TimeoutError)",,
usdchf_daily,2026-10-08 21:39:15.571116,2026-10-08 21:39:15.571116,,,2026-10-02,0
usdchf_fred,2026-10-08 21:39:30.700755,,2026-10-08 21:39:30.700755,"skipped, fred.stlouisfed.org unreachable this run (TimeoutError)",,
usdchf_monthly,2026-10-08 21:39:14.118931,2026-10-08 21:39:14.118931,,,2026-09-01,0
vix_daily_mirror,2026-10-08 21:39:14.755928,2026-10-08 21:39:14.755928,,,2026-09-22,0
vix_fred,2026-10-08 21:39:30.679315,,2026-10-08 21:39:30.679315,"skipped, fred.stlouisfed.org unreachable this run (TimeoutError)",,
wti_monthly,2026-10-08 21:39:15.087733,2026-10-08 21:39:15.087733,,,2026-09-01,0
