series_id,ref_date,available_date,value,source,fetched_at
us_deficit_gdp,1929-01-01,1930-01-30,0.70202,https://fred.stlouisfed.org/graph/fredgraph.csv?id=FYFSGDA188S,2026-10-09
us_deficit_gdp,1930-01-01,1931-01-30,0.80078,https://fred.stlouisfed.org/graph/fredgraph.csv?id=FYFSGDA188S,2026-10-09
us_deficit_gdp,1931-01-01,1932-01-30,-0.59697,https://fred.stlouisfed.org/graph/fredgraph.csv?id=FYFSGDA188S,2026-10-09
us_deficit_gdp,1932-01-01,1933-01-30,-4.59494,https://fred.stlouisfed.org/graph/fredgraph.csv?id=FYFSGDA188S,2026-10-09
us_deficit_gdp,1933-01-01,1934-01-30,-4.55261,https://fred.stlouisfed.org/graph/fredgraph.csv?id=FYFSGDA188S,2026-10-09
us_deficit_gdp,1934-01-01,1935-01-30,-5.36826,https://fred.stlouisfed.org/graph/fredgraph.csv?id=FYFSGDA188S,2026-10-09
us_deficit_gdp,1935-01-01,1936-01-30,-3.77554,https://fred.stlouisfed.org/graph/fredgraph.csv?id=FYFSGDA188S,2026-10-09
us_deficit_gdp,1936-01-01,1937-01-30,-5.07368,https://fred.stlouisfed.org/graph/fredgraph.csv?id=FYFSGDA188S,2026-10-09
us_deficit_gdp,1937-01-01,1938-01-30,-2.35799,https://fred.stlouisfed.org/graph/fredgraph.csv?id=FYFSGDA188S,2026-10-09
us_deficit_gdp,1938-01-01,1939-01-30,-0.10189,https://fred.stlouisfed.org/graph/fredgraph.csv?id=FYFSGDA188S,2026-10-09
us_deficit_gdp,1939-01-01,1940-01-30,-3.0459,https://fred.stlouisfed.org/graph/fredgraph.csv?id=FYFSGDA188S,2026-10-09
us_deficit_gdp,1940-01-01,1941-01-30,-2.83773,https://fred.stlouisfed.org/graph/fredgraph.csv?id=FYFSGDA188S,2026-10-09
us_deficit_gdp,1941-01-01,1942-01-30,-3.82108,https://fred.stlouisfed.org/graph/fredgraph.csv?id=FYFSGDA188S,2026-10-09
us_deficit_gdp,1942-01-01,1943-01-30,-12.35478,https://fred.stlouisfed.org/graph/fredgraph.csv?id=FYFSGDA188S,2026-10-09
us_deficit_gdp,1943-01-01,1944-01-30,-26.86278,https://fred.stlouisfed.org/graph/fredgraph.csv?id=FYFSGDA188S,2026-10-09
us_deficit_gdp,1944-01-01,1945-01-30,-21.18852,https://fred.stlouisfed.org/graph/fredgraph.csv?id=FYFSGDA188S,2026-10-09
us_deficit_gdp,1945-01-01,1946-01-30,-20.85594,https://fred.stlouisfed.org/graph/fredgraph.csv?id=FYFSGDA188S,2026-10-09
us_deficit_gdp,1946-01-01,1947-01-30,-7.00376,https://fred.stlouisfed.org/graph/fredgraph.csv?id=FYFSGDA188S,2026-10-09
us_deficit_gdp,1947-01-01,1948-01-30,1.60967,https://fred.stlouisfed.org/graph/fredgraph.csv?id=FYFSGDA188S,2026-10-09
us_deficit_gdp,1948-01-01,1949-01-30,4.29777,https://fred.stlouisfed.org/graph/fredgraph.csv?id=FYFSGDA188S,2026-10-09
us_deficit_gdp,1949-01-01,1950-01-30,0.21286,https://fred.stlouisfed.org/graph/fredgraph.csv?id=FYFSGDA188S,2026-10-09
us_deficit_gdp,1950-01-01,1951-01-30,-1.04027,https://fred.stlouisfed.org/graph/fredgraph.csv?id=FYFSGDA188S,2026-10-09
us_deficit_gdp,1951-01-01,1952-01-30,1.75894,https://fred.stlouisfed.org/graph/fredgraph.csv?id=FYFSGDA188S,2026-10-09
us_deficit_gdp,1952-01-01,1953-01-30,-0.41351,https://fred.stlouisfed.org/graph/fredgraph.csv?id=FYFSGDA188S,2026-10-09
us_deficit_gdp,1953-01-01,1954-01-30,-1.66822,https://fred.stlouisfed.org/graph/fredgraph.csv?id=FYFSGDA188S,2026-10-09
us_deficit_gdp,1954-01-01,1955-01-30,-0.29548,https://fred.stlouisfed.org/graph/fredgraph.csv?id=FYFSGDA188S,2026-10-09
us_deficit_gdp,1955-01-01,1956-01-30,-0.70344,https://fred.stlouisfed.org/graph/fredgraph.csv?id=FYFSGDA188S,2026-10-09
us_deficit_gdp,1956-01-01,1957-01-30,0.87837,https://fred.stlouisfed.org/graph/fredgraph.csv?id=FYFSGDA188S,2026-10-09
us_deficit_gdp,1957-01-01,1958-01-30,0.71977,https://fred.stlouisfed.org/graph/fredgraph.csv?id=FYFSGDA188S,2026-10-09
us_deficit_gdp,1958-01-01,1959-01-30,-0.5754,https://fred.stlouisfed.org/graph/fredgraph.csv?id=FYFSGDA188S,2026-10-09
us_deficit_gdp,1959-01-01,1960-01-30,-2.46313,https://fred.stlouisfed.org/graph/fredgraph.csv?id=FYFSGDA188S,2026-10-09
us_deficit_gdp,1960-01-01,1961-01-30,0.0555,https://fred.stlouisfed.org/graph/fredgraph.csv?id=FYFSGDA188S,2026-10-09
us_deficit_gdp,1961-01-01,1962-01-30,-0.5932,https://fred.stlouisfed.org/graph/fredgraph.csv?id=FYFSGDA188S,2026-10-09
us_deficit_gdp,1962-01-01,1963-01-30,-1.18327,https://fred.stlouisfed.org/graph/fredgraph.csv?id=FYFSGDA188S,2026-10-09
us_deficit_gdp,1963-01-01,1964-01-30,-0.7461,https://fred.stlouisfed.org/graph/fredgraph.csv?id=FYFSGDA188S,2026-10-09
us_deficit_gdp,1964-01-01,1965-01-30,-0.86418,https://fred.stlouisfed.org/graph/fredgraph.csv?id=FYFSGDA188S,2026-10-09
us_deficit_gdp,1965-01-01,1966-01-30,-0.19009,https://fred.stlouisfed.org/graph/fredgraph.csv?id=FYFSGDA188S,2026-10-09
us_deficit_gdp,1966-01-01,1967-01-30,-0.45463,https://fred.stlouisfed.org/graph/fredgraph.csv?id=FYFSGDA188S,2026-10-09
us_deficit_gdp,1967-01-01,1968-01-30,-1.00505,https://fred.stlouisfed.org/graph/fredgraph.csv?id=FYFSGDA188S,2026-10-09
us_deficit_gdp,1968-01-01,1969-01-30,-2.67485,https://fred.stlouisfed.org/graph/fredgraph.csv?id=FYFSGDA188S,2026-10-09
us_deficit_gdp,1969-01-01,1970-01-30,0.31859,https://fred.stlouisfed.org/graph/fredgraph.csv?id=FYFSGDA188S,2026-10-09
us_deficit_gdp,1970-01-01,1971-01-30,-0.26479,https://fred.stlouisfed.org/graph/fredgraph.csv?id=FYFSGDA188S,2026-10-09
us_deficit_gdp,1971-01-01,1972-01-30,-1.97734,https://fred.stlouisfed.org/graph/fredgraph.csv?id=FYFSGDA188S,2026-10-09
us_deficit_gdp,1972-01-01,1973-01-30,-1.82729,https://fred.stlouisfed.org/graph/fredgraph.csv?id=FYFSGDA188S,2026-10-09
us_deficit_gdp,1973-01-01,1974-01-30,-1.0459,https://fred.stlouisfed.org/graph/fredgraph.csv?id=FYFSGDA188S,2026-10-09
us_deficit_gdp,1974-01-01,1975-01-30,-0.39702,https://fred.stlouisfed.org/graph/fredgraph.csv?id=FYFSGDA188S,2026-10-09
us_deficit_gdp,1975-01-01,1976-01-30,-3.15994,https://fred.stlouisfed.org/graph/fredgraph.csv?id=FYFSGDA188S,2026-10-09
us_deficit_gdp,1976-01-01,1977-01-30,-3.93571,https://fred.stlouisfed.org/graph/fredgraph.csv?id=FYFSGDA188S,2026-10-09
us_deficit_gdp,1977-01-01,1978-01-30,-2.5775,https://fred.stlouisfed.org/graph/fredgraph.csv?id=FYFSGDA188S,2026-10-09
us_deficit_gdp,1978-01-01,1979-01-30,-2.5168,https://fred.stlouisfed.org/graph/fredgraph.csv?id=FYFSGDA188S,2026-10-09
us_deficit_gdp,1979-01-01,1980-01-30,-1.55009,https://fred.stlouisfed.org/graph/fredgraph.csv?id=FYFSGDA188S,2026-10-09
us_deficit_gdp,1980-01-01,1981-01-30,-2.5839,https://fred.stlouisfed.org/graph/fredgraph.csv?id=FYFSGDA188S,2026-10-09
us_deficit_gdp,1981-01-01,1982-01-30,-2.46233,https://fred.stlouisfed.org/graph/fredgraph.csv?id=FYFSGDA188S,2026-10-09
us_deficit_gdp,1982-01-01,1983-01-30,-3.8273,https://fred.stlouisfed.org/graph/fredgraph.csv?id=FYFSGDA188S,2026-10-09
us_deficit_gdp,1983-01-01,1984-01-30,-5.71821,https://fred.stlouisfed.org/graph/fredgraph.csv?id=FYFSGDA188S,2026-10-09
us_deficit_gdp,1984-01-01,1985-01-30,-4.591,https://fred.stlouisfed.org/graph/fredgraph.csv?id=FYFSGDA188S,2026-10-09
us_deficit_gdp,1985-01-01,1986-01-30,-4.89304,https://fred.stlouisfed.org/graph/fredgraph.csv?id=FYFSGDA188S,2026-10-09
us_deficit_gdp,1986-01-01,1987-01-30,-4.83067,https://fred.stlouisfed.org/graph/fredgraph.csv?id=FYFSGDA188S,2026-10-09
us_deficit_gdp,1987-01-01,1988-01-30,-3.0839,https://fred.stlouisfed.org/graph/fredgraph.csv?id=FYFSGDA188S,2026-10-09
us_deficit_gdp,1988-01-01,1989-01-30,-2.96343,https://fred.stlouisfed.org/graph/fredgraph.csv?id=FYFSGDA188S,2026-10-09
us_deficit_gdp,1989-01-01,1990-01-30,-2.70561,https://fred.stlouisfed.org/graph/fredgraph.csv?id=FYFSGDA188S,2026-10-09
us_deficit_gdp,1990-01-01,1991-01-30,-3.7067,https://fred.stlouisfed.org/graph/fredgraph.csv?id=FYFSGDA188S,2026-10-09
us_deficit_gdp,1991-01-01,1992-01-30,-4.37207,https://fred.stlouisfed.org/graph/fredgraph.csv?id=FYFSGDA188S,2026-10-09
us_deficit_gdp,1992-01-01,1993-01-30,-4.45255,https://fred.stlouisfed.org/graph/fredgraph.csv?id=FYFSGDA188S,2026-10-09
us_deficit_gdp,1993-01-01,1994-01-30,-3.71873,https://fred.stlouisfed.org/graph/fredgraph.csv?id=FYFSGDA188S,2026-10-09
us_deficit_gdp,1994-01-01,1995-01-30,-2.78825,https://fred.stlouisfed.org/graph/fredgraph.csv?id=FYFSGDA188S,2026-10-09
us_deficit_gdp,1995-01-01,1996-01-30,-2.14604,https://fred.stlouisfed.org/graph/fredgraph.csv?id=FYFSGDA188S,2026-10-09
us_deficit_gdp,1996-01-01,1997-01-30,-1.33072,https://fred.stlouisfed.org/graph/fredgraph.csv?id=FYFSGDA188S,2026-10-09
us_deficit_gdp,1997-01-01,1998-01-30,-0.25513,https://fred.stlouisfed.org/graph/fredgraph.csv?id=FYFSGDA188S,2026-10-09
us_deficit_gdp,1998-01-01,1999-01-30,0.76433,https://fred.stlouisfed.org/graph/fredgraph.csv?id=FYFSGDA188S,2026-10-09
us_deficit_gdp,1999-01-01,2000-01-30,1.3042,https://fred.stlouisfed.org/graph/fredgraph.csv?id=FYFSGDA188S,2026-10-09
us_deficit_gdp,2000-01-01,2001-01-30,2.30458,https://fred.stlouisfed.org/graph/fredgraph.csv?id=FYFSGDA188S,2026-10-09
us_deficit_gdp,2001-01-01,2002-01-30,1.21184,https://fred.stlouisfed.org/graph/fredgraph.csv?id=FYFSGDA188S,2026-10-09
us_deficit_gdp,2002-01-01,2003-01-30,-1.44347,https://fred.stlouisfed.org/graph/fredgraph.csv?id=FYFSGDA188S,2026-10-09
us_deficit_gdp,2003-01-01,2004-01-30,-3.29583,https://fred.stlouisfed.org/graph/fredgraph.csv?id=FYFSGDA188S,2026-10-09
us_deficit_gdp,2004-01-01,2005-01-30,-3.37825,https://fred.stlouisfed.org/graph/fredgraph.csv?id=FYFSGDA188S,2026-10-09
us_deficit_gdp,2005-01-01,2006-01-30,-2.44145,https://fred.stlouisfed.org/graph/fredgraph.csv?id=FYFSGDA188S,2026-10-09
us_deficit_gdp,2006-01-01,2007-01-30,-1.79638,https://fred.stlouisfed.org/graph/fredgraph.csv?id=FYFSGDA188S,2026-10-09
us_deficit_gdp,2007-01-01,2008-01-30,-1.11026,https://fred.stlouisfed.org/graph/fredgraph.csv?id=FYFSGDA188S,2026-10-09
us_deficit_gdp,2008-01-01,2009-01-30,-3.10465,https://fred.stlouisfed.org/graph/fredgraph.csv?id=FYFSGDA188S,2026-10-09
us_deficit_gdp,2009-01-01,2010-01-30,-9.75744,https://fred.stlouisfed.org/graph/fredgraph.csv?id=FYFSGDA188S,2026-10-09
us_deficit_gdp,2010-01-01,2011-01-30,-8.60107,https://fred.stlouisfed.org/graph/fredgraph.csv?id=FYFSGDA188S,2026-10-09
us_deficit_gdp,2011-01-01,2012-01-30,-8.33091,https://fred.stlouisfed.org/graph/fredgraph.csv?id=FYFSGDA188S,2026-10-09
us_deficit_gdp,2012-01-01,2013-01-30,-6.62345,https://fred.stlouisfed.org/graph/fredgraph.csv?id=FYFSGDA188S,2026-10-09
us_deficit_gdp,2013-01-01,2014-01-30,-4.02694,https://fred.stlouisfed.org/graph/fredgraph.csv?id=FYFSGDA188S,2026-10-09
us_deficit_gdp,2014-01-01,2015-01-30,-2.75323,https://fred.stlouisfed.org/graph/fredgraph.csv?id=FYFSGDA188S,2026-10-09
us_deficit_gdp,2015-01-01,2016-01-30,-2.41574,https://fred.stlouisfed.org/graph/fredgraph.csv?id=FYFSGDA188S,2026-10-09
us_deficit_gdp,2016-01-01,2017-01-30,-3.10903,https://fred.stlouisfed.org/graph/fredgraph.csv?id=FYFSGDA188S,2026-10-09
us_deficit_gdp,2017-01-01,2018-01-30,-3.39306,https://fred.stlouisfed.org/graph/fredgraph.csv?id=FYFSGDA188S,2026-10-09
us_deficit_gdp,2018-01-01,2019-01-30,-3.77157,https://fred.stlouisfed.org/graph/fredgraph.csv?id=FYFSGDA188S,2026-10-09
us_deficit_gdp,2019-01-01,2020-01-30,-4.56634,https://fred.stlouisfed.org/graph/fredgraph.csv?id=FYFSGDA188S,2026-10-09
us_deficit_gdp,2020-01-01,2021-01-30,-14.4824,https://fred.stlouisfed.org/graph/fredgraph.csv?id=FYFSGDA188S,2026-10-09
us_deficit_gdp,2021-01-01,2022-01-30,-11.69028,https://fred.stlouisfed.org/graph/fredgraph.csv?id=FYFSGDA188S,2026-10-09
us_deficit_gdp,2022-01-01,2023-01-30,-5.27419,https://fred.stlouisfed.org/graph/fredgraph.csv?id=FYFSGDA188S,2026-10-09
us_deficit_gdp,2023-01-01,2024-01-30,-6.06751,https://fred.stlouisfed.org/graph/fredgraph.csv?id=FYFSGDA188S,2026-10-09
us_deficit_gdp,2024-01-01,2025-01-30,-6.19625,https://fred.stlouisfed.org/graph/fredgraph.csv?id=FYFSGDA188S,2026-10-09
us_deficit_gdp,2025-01-01,2026-01-30,-5.76906,https://fred.stlouisfed.org/graph/fredgraph.csv?id=FYFSGDA188S,2026-10-09
