month,ret,er,regime
1833-01,,,
1833-02,,,
1833-03,,,
1833-04,,,
1833-05,,,
1833-06,,,
1833-07,,,
1833-08,,,
1833-09,,,
1833-10,,,
1833-11,,,
1833-12,,,
1834-01,0.0000,,
1834-02,0.0000,,
1834-03,0.0000,,
1834-04,0.0000,,
1834-05,0.0000,,
1834-06,0.0000,,
1834-07,0.0000,,
1834-08,0.0000,,
1834-09,0.0000,,
1834-10,0.0000,,
1834-11,0.0000,,
1834-12,0.0000,,
1835-01,0.0000,,
1835-02,0.0000,,
1835-03,0.0000,,
1835-04,0.0000,,
1835-05,0.0000,,
1835-06,0.0000,,
1835-07,0.0000,,
1835-08,0.0000,,
1835-09,0.0000,,
1835-10,0.0000,,
1835-11,0.0000,,
1835-12,0.0000,,
1836-01,0.0000,,
1836-02,0.0000,,
1836-03,0.0000,,
1836-04,0.0000,,
1836-05,0.0000,,
1836-06,0.0000,,
1836-07,0.0000,,
1836-08,0.0000,,
1836-09,0.0000,,
1836-10,0.0000,,
1836-11,0.0000,,
1836-12,0.0000,,
1837-01,0.0000,,
1837-02,0.0000,,
1837-03,0.0000,,
1837-04,0.0000,,
1837-05,0.0000,,
1837-06,0.0000,,
1837-07,0.0000,,
1837-08,0.0000,,
1837-09,0.0000,,
1837-10,0.0000,,
1837-11,0.0000,,
1837-12,0.0000,,
1838-01,0.0000,,
1838-02,0.0000,,
1838-03,0.0000,,
1838-04,0.0000,,
1838-05,0.0000,,
1838-06,0.0000,,
1838-07,0.0000,,
1838-08,0.0000,,
1838-09,0.0000,,
1838-10,0.0000,,
1838-11,0.0000,,
1838-12,0.0000,,
1839-01,0.0000,,
1839-02,0.0000,,
1839-03,0.0000,,
1839-04,0.0000,,
1839-05,0.0000,,
1839-06,0.0000,,
1839-07,0.0000,,
1839-08,0.0000,,
1839-09,0.0000,,
1839-10,0.0000,,
1839-11,0.0000,,
1839-12,0.0000,,
1840-01,0.0000,,
1840-02,0.0000,,
1840-03,0.0000,,
1840-04,0.0000,,
1840-05,0.0000,,
1840-06,0.0000,,
1840-07,0.0000,,
1840-08,0.0000,,
1840-09,0.0000,,
1840-10,0.0000,,
1840-11,0.0000,,
1840-12,0.0000,,
1841-01,0.0000,,
1841-02,0.0000,,
1841-03,0.0000,,
1841-04,0.0000,,
1841-05,0.0000,,
1841-06,0.0000,,
1841-07,0.0000,,
1841-08,0.0000,,
1841-09,0.0000,,
1841-10,0.0000,,
1841-11,0.0000,,
1841-12,0.0000,,
1842-01,0.0000,,
1842-02,0.0000,,
1842-03,0.0000,,
1842-04,0.0000,,
1842-05,0.0000,,
1842-06,0.0000,,
1842-07,0.0000,,
1842-08,0.0000,,
1842-09,0.0000,,
1842-10,0.0000,,
1842-11,0.0000,,
1842-12,0.0000,,
1843-01,0.0000,,
1843-02,0.0000,,
1843-03,0.0000,,
1843-04,0.0000,,
1843-05,0.0000,,
1843-06,0.0000,,
1843-07,0.0000,,
1843-08,0.0000,,
1843-09,0.0000,,
1843-10,0.0000,,
1843-11,0.0000,,
1843-12,0.0000,,
1844-01,0.0000,,
1844-02,0.0000,,
1844-03,0.0000,,
1844-04,0.0000,,
1844-05,0.0000,,
1844-06,0.0000,,
1844-07,0.0000,,
1844-08,0.0000,,
1844-09,0.0000,,
1844-10,0.0000,,
1844-11,0.0000,,
1844-12,0.0000,,
1845-01,0.0000,,
1845-02,0.0000,,
1845-03,0.0000,,
1845-04,0.0000,,
1845-05,0.0000,,
1845-06,0.0000,,
1845-07,0.0000,,
1845-08,0.0000,,
1845-09,0.0000,,
1845-10,0.0000,,
1845-11,0.0000,,
1845-12,0.0000,,
1846-01,0.0000,,
1846-02,0.0000,,
1846-03,0.0000,,
1846-04,0.0000,,
1846-05,0.0000,,
1846-06,0.0000,,
1846-07,0.0000,,
1846-08,0.0000,,
1846-09,0.0000,,
1846-10,0.0000,,
1846-11,0.0000,,
1846-12,0.0000,,
1847-01,0.0000,,
1847-02,0.0000,,
1847-03,0.0000,,
1847-04,0.0000,,
1847-05,0.0000,,
1847-06,0.0000,,
1847-07,0.0000,,
1847-08,0.0000,,
1847-09,0.0000,,
1847-10,0.0000,,
1847-11,0.0000,,
1847-12,0.0000,,
1848-01,0.0000,,
1848-02,0.0000,,
1848-03,0.0000,,
1848-04,0.0000,,
1848-05,0.0000,,
1848-06,0.0000,,
1848-07,0.0000,,
1848-08,0.0000,,
1848-09,0.0000,,
1848-10,0.0000,,
1848-11,0.0000,,
1848-12,0.0000,,
1849-01,0.0000,,
1849-02,0.0000,,
1849-03,0.0000,,
1849-04,0.0000,,
1849-05,0.0000,,
1849-06,0.0000,,
1849-07,0.0000,,
1849-08,0.0000,,
1849-09,0.0000,,
1849-10,0.0000,,
1849-11,0.0000,,
1849-12,0.0000,,
1850-01,0.0000,,
1850-02,0.0000,,
1850-03,0.0000,,
1850-04,0.0000,,
1850-05,0.0000,,
1850-06,0.0000,,
1850-07,0.0000,,
1850-08,0.0000,,
1850-09,0.0000,,
1850-10,0.0000,,
1850-11,0.0000,,
1850-12,0.0000,,
1851-01,0.0000,,
1851-02,0.0000,,
1851-03,0.0000,,
1851-04,0.0000,,
1851-05,0.0000,,
1851-06,0.0000,,
1851-07,0.0000,,
1851-08,0.0000,,
1851-09,0.0000,,
1851-10,0.0000,,
1851-11,0.0000,,
1851-12,0.0000,,
1852-01,0.0000,,
1852-02,0.0000,,
1852-03,0.0000,,
1852-04,0.0000,,
1852-05,0.0000,,
1852-06,0.0000,,
1852-07,0.0000,,
1852-08,0.0000,,
1852-09,0.0000,,
1852-10,0.0000,,
1852-11,0.0000,,
1852-12,0.0000,,
1853-01,0.0000,,
1853-02,0.0000,,
1853-03,0.0000,,
1853-04,0.0000,,
1853-05,0.0000,,
1853-06,0.0000,,
1853-07,0.0000,,
1853-08,0.0000,,
1853-09,0.0000,,
1853-10,0.0000,,
1853-11,0.0000,,
1853-12,0.0000,,
1854-01,0.0000,,
1854-02,0.0000,,
1854-03,0.0000,,
1854-04,0.0000,,
1854-05,0.0000,,
1854-06,0.0000,,
1854-07,0.0000,,
1854-08,0.0000,,
1854-09,0.0000,,
1854-10,0.0000,,
1854-11,0.0000,,
1854-12,0.0000,,
1855-01,0.0000,,
1855-02,0.0000,,
1855-03,0.0000,,
1855-04,0.0000,,
1855-05,0.0000,,
1855-06,0.0000,,
1855-07,0.0000,,
1855-08,0.0000,,
1855-09,0.0000,,
1855-10,0.0000,,
1855-11,0.0000,,
1855-12,0.0000,,
1856-01,0.0000,,
1856-02,0.0000,,
1856-03,0.0000,,
1856-04,0.0000,,
1856-05,0.0000,,
1856-06,0.0000,,
1856-07,0.0000,,
1856-08,0.0000,,
1856-09,0.0000,,
1856-10,0.0000,,
1856-11,0.0000,,
1856-12,0.0000,,
1857-01,0.0000,,
1857-02,0.0000,,
1857-03,0.0000,,
1857-04,0.0000,,
1857-05,0.0000,,
1857-06,0.0000,,
1857-07,0.0000,,
1857-08,0.0000,,
1857-09,0.0000,,
1857-10,0.0000,,
1857-11,0.0000,,
1857-12,0.0000,,
1858-01,0.0000,,
1858-02,0.0000,,
1858-03,0.0000,,
1858-04,0.0000,,
1858-05,0.0000,,
1858-06,0.0000,,
1858-07,0.0000,,
1858-08,0.0000,,
1858-09,0.0000,,
1858-10,0.0000,,
1858-11,0.0000,,
1858-12,0.0000,,
1859-01,0.0000,,
1859-02,0.0000,,
1859-03,0.0000,,
1859-04,0.0000,,
1859-05,0.0000,,
1859-06,0.0000,,
1859-07,0.0000,,
1859-08,0.0000,,
1859-09,0.0000,,
1859-10,0.0000,,
1859-11,0.0000,,
1859-12,0.0000,,
1860-01,0.0000,,
1860-02,0.0000,,
1860-03,0.0000,,
1860-04,0.0000,,
1860-05,0.0000,,
1860-06,0.0000,,
1860-07,0.0000,,
1860-08,0.0000,,
1860-09,0.0000,,
1860-10,0.0000,,
1860-11,0.0000,,
1860-12,0.0000,,
1861-01,0.0000,,
1861-02,0.0000,,
1861-03,0.0000,,
1861-04,0.0000,,
1861-05,0.0000,,
1861-06,0.0000,,
1861-07,0.0000,,
1861-08,0.0000,,
1861-09,0.0000,,
1861-10,0.0000,,
1861-11,0.0000,,
1861-12,0.0000,,
1862-01,0.0000,,
1862-02,0.0000,,
1862-03,0.0000,,
1862-04,0.0000,,
1862-05,0.0000,,
1862-06,0.0000,,
1862-07,0.0000,,
1862-08,0.0000,,
1862-09,0.0000,,
1862-10,0.0000,,
1862-11,0.0000,,
1862-12,0.0000,,
1863-01,0.0000,,
1863-02,0.0000,,
1863-03,0.0000,,
1863-04,0.0000,,
1863-05,0.0000,,
1863-06,0.0000,,
1863-07,0.0000,,
1863-08,0.0000,,
1863-09,0.0000,,
1863-10,0.0000,,
1863-11,0.0000,,
1863-12,0.0000,,
1864-01,0.0000,,
1864-02,0.0000,,
1864-03,0.0000,,
1864-04,0.0000,,
1864-05,0.0000,,
1864-06,0.0000,,
1864-07,0.0000,,
1864-08,0.0000,,
1864-09,0.0000,,
1864-10,0.0000,,
1864-11,0.0000,,
1864-12,0.0000,,
1865-01,0.0000,,
1865-02,0.0000,,
1865-03,0.0000,,
1865-04,0.0000,,
1865-05,0.0000,,
1865-06,0.0000,,
1865-07,0.0000,,
1865-08,0.0000,,
1865-09,0.0000,,
1865-10,0.0000,,
1865-11,0.0000,,
1865-12,0.0000,,
1866-01,0.0000,,
1866-02,0.0000,,
1866-03,0.0000,,
1866-04,0.0000,,
1866-05,0.0000,,
1866-06,0.0000,,
1866-07,0.0000,,
1866-08,0.0000,,
1866-09,0.0000,,
1866-10,0.0000,,
1866-11,0.0000,,
1866-12,0.0000,,
1867-01,0.0000,,
1867-02,0.0000,,
1867-03,0.0000,,
1867-04,0.0000,,
1867-05,0.0000,,
1867-06,0.0000,,
1867-07,0.0000,,
1867-08,0.0000,,
1867-09,0.0000,,
1867-10,0.0000,,
1867-11,0.0000,,
1867-12,0.0000,,
1868-01,0.0000,,
1868-02,0.0000,,
1868-03,0.0000,,
1868-04,0.0000,,
1868-05,0.0000,,
1868-06,0.0000,,
1868-07,0.0000,,
1868-08,0.0000,,
1868-09,0.0000,,
1868-10,0.0000,,
1868-11,0.0000,,
1868-12,0.0000,,
1869-01,0.0000,,
1869-02,0.0000,,
1869-03,0.0000,,
1869-04,0.0000,,
1869-05,0.0000,,
1869-06,0.0000,,
1869-07,0.0000,,
1869-08,0.0000,,
1869-09,0.0000,,
1869-10,0.0000,,
1869-11,0.0000,,
1869-12,0.0000,,
1870-01,0.0000,,
1870-02,0.0000,,
1870-03,0.0000,,
1870-04,0.0000,,
1870-05,0.0000,,
1870-06,0.0000,,
1870-07,0.0000,,
1870-08,0.0000,,
1870-09,0.0000,,
1870-10,0.0000,,
1870-11,0.0000,,
1870-12,0.0000,,
1871-01,0.0000,,
1871-02,0.0000,,
1871-03,0.0000,,
1871-04,0.0000,,
1871-05,0.0000,,
1871-06,0.0000,,
1871-07,0.0000,,
1871-08,0.0000,,
1871-09,0.0000,,
1871-10,0.0000,,
1871-11,0.0000,,
1871-12,0.0000,,
1872-01,0.0005,1.0000,Sideways
1872-02,0.0005,1.0000,Sideways
1872-03,0.0005,1.0000,Sideways
1872-04,0.0005,1.0000,Sideways
1872-05,0.0005,1.0000,Sideways
1872-06,0.0005,1.0000,Sideways
1872-07,0.0005,1.0000,Sideways
1872-08,0.0005,1.0000,Sideways
1872-09,0.0005,1.0000,Sideways
1872-10,0.0005,1.0000,Sideways
1872-11,0.0005,1.0000,Sideways
1872-12,0.0005,1.0000,Sideways
1873-01,0.0000,,
1873-02,0.0000,,
1873-03,0.0000,,
1873-04,0.0000,,
1873-05,0.0000,,
1873-06,0.0000,,
1873-07,0.0000,,
1873-08,0.0000,,
1873-09,0.0000,,
1873-10,0.0000,,
1873-11,0.0000,,
1873-12,0.0000,,
1874-01,0.0000,,
1874-02,0.0000,,
1874-03,0.0000,,
1874-04,0.0000,,
1874-05,0.0000,,
1874-06,0.0000,,
1874-07,0.0000,,
1874-08,0.0000,,
1874-09,0.0000,,
1874-10,0.0000,,
1874-11,0.0000,,
1874-12,0.0000,,
1875-01,0.0000,,
1875-02,0.0000,,
1875-03,0.0000,,
1875-04,0.0000,,
1875-05,0.0000,,
1875-06,0.0000,,
1875-07,0.0000,,
1875-08,0.0000,,
1875-09,0.0000,,
1875-10,0.0000,,
1875-11,0.0000,,
1875-12,0.0000,,
1876-01,0.0000,,
1876-02,0.0000,,
1876-03,0.0000,,
1876-04,0.0000,,
1876-05,0.0000,,
1876-06,0.0000,,
1876-07,0.0000,,
1876-08,0.0000,,
1876-09,0.0000,,
1876-10,0.0000,,
1876-11,0.0000,,
1876-12,0.0000,,
1877-01,0.0000,,
1877-02,0.0000,,
1877-03,0.0000,,
1877-04,0.0000,,
1877-05,0.0000,,
1877-06,0.0000,,
1877-07,0.0000,,
1877-08,0.0000,,
1877-09,0.0000,,
1877-10,0.0000,,
1877-11,0.0000,,
1877-12,0.0000,,
1878-01,0.0000,,
1878-02,0.0000,,
1878-03,0.0000,,
1878-04,0.0000,,
1878-05,0.0000,,
1878-06,0.0000,,
1878-07,0.0000,,
1878-08,0.0000,,
1878-09,0.0000,,
1878-10,0.0000,,
1878-11,0.0000,,
1878-12,0.0000,,
1879-01,0.0000,,
1879-02,0.0000,,
1879-03,0.0000,,
1879-04,0.0000,,
1879-05,0.0000,,
1879-06,0.0000,,
1879-07,0.0000,,
1879-08,0.0000,,
1879-09,0.0000,,
1879-10,0.0000,,
1879-11,0.0000,,
1879-12,0.0000,,
1880-01,0.0000,,
1880-02,0.0000,,
1880-03,0.0000,,
1880-04,0.0000,,
1880-05,0.0000,,
1880-06,0.0000,,
1880-07,0.0000,,
1880-08,0.0000,,
1880-09,0.0000,,
1880-10,0.0000,,
1880-11,0.0000,,
1880-12,0.0000,,
1881-01,0.0000,,
1881-02,0.0000,,
1881-03,0.0000,,
1881-04,0.0000,,
1881-05,0.0000,,
1881-06,0.0000,,
1881-07,0.0000,,
1881-08,0.0000,,
1881-09,0.0000,,
1881-10,0.0000,,
1881-11,0.0000,,
1881-12,0.0000,,
1882-01,0.0000,,
1882-02,0.0000,,
1882-03,0.0000,,
1882-04,0.0000,,
1882-05,0.0000,,
1882-06,0.0000,,
1882-07,0.0000,,
1882-08,0.0000,,
1882-09,0.0000,,
1882-10,0.0000,,
1882-11,0.0000,,
1882-12,0.0000,,
1883-01,0.0000,,
1883-02,0.0000,,
1883-03,0.0000,,
1883-04,0.0000,,
1883-05,0.0000,,
1883-06,0.0000,,
1883-07,0.0000,,
1883-08,0.0000,,
1883-09,0.0000,,
1883-10,0.0000,,
1883-11,0.0000,,
1883-12,0.0000,,
1884-01,0.0000,,
1884-02,0.0000,,
1884-03,0.0000,,
1884-04,0.0000,,
1884-05,0.0000,,
1884-06,0.0000,,
1884-07,0.0000,,
1884-08,0.0000,,
1884-09,0.0000,,
1884-10,0.0000,,
1884-11,0.0000,,
1884-12,0.0000,,
1885-01,0.0000,,
1885-02,0.0000,,
1885-03,0.0000,,
1885-04,0.0000,,
1885-05,0.0000,,
1885-06,0.0000,,
1885-07,0.0000,,
1885-08,0.0000,,
1885-09,0.0000,,
1885-10,0.0000,,
1885-11,0.0000,,
1885-12,0.0000,,
1886-01,0.0000,,
1886-02,0.0000,,
1886-03,0.0000,,
1886-04,0.0000,,
1886-05,0.0000,,
1886-06,0.0000,,
1886-07,0.0000,,
1886-08,0.0000,,
1886-09,0.0000,,
1886-10,0.0000,,
1886-11,0.0000,,
1886-12,0.0000,,
1887-01,0.0000,,
1887-02,0.0000,,
1887-03,0.0000,,
1887-04,0.0000,,
1887-05,0.0000,,
1887-06,0.0000,,
1887-07,0.0000,,
1887-08,0.0000,,
1887-09,0.0000,,
1887-10,0.0000,,
1887-11,0.0000,,
1887-12,0.0000,,
1888-01,0.0000,,
1888-02,0.0000,,
1888-03,0.0000,,
1888-04,0.0000,,
1888-05,0.0000,,
1888-06,0.0000,,
1888-07,0.0000,,
1888-08,0.0000,,
1888-09,0.0000,,
1888-10,0.0000,,
1888-11,0.0000,,
1888-12,0.0000,,
1889-01,-0.0005,1.0000,Sideways
1889-02,-0.0005,1.0000,Sideways
1889-03,-0.0005,1.0000,Sideways
1889-04,-0.0005,1.0000,Sideways
1889-05,-0.0005,1.0000,Sideways
1889-06,-0.0005,1.0000,Sideways
1889-07,-0.0005,1.0000,Sideways
1889-08,-0.0005,1.0000,Sideways
1889-09,-0.0005,1.0000,Sideways
1889-10,-0.0005,1.0000,Sideways
1889-11,-0.0005,1.0000,Sideways
1889-12,-0.0005,1.0000,Sideways
1890-01,0.0005,1.0000,Sideways
1890-02,0.0005,1.0000,Sideways
1890-03,0.0005,1.0000,Sideways
1890-04,0.0005,1.0000,Sideways
1890-05,0.0005,1.0000,Sideways
1890-06,0.0005,1.0000,Sideways
1890-07,0.0005,1.0000,Sideways
1890-08,0.0005,1.0000,Sideways
1890-09,0.0005,1.0000,Sideways
1890-10,0.0005,1.0000,Sideways
1890-11,0.0005,1.0000,Sideways
1890-12,0.0005,1.0000,Sideways
1891-01,0.0011,1.0000,Sideways
1891-02,0.0011,1.0000,Sideways
1891-03,0.0011,1.0000,Sideways
1891-04,0.0011,1.0000,Sideways
1891-05,0.0011,1.0000,Sideways
1891-06,0.0011,1.0000,Sideways
1891-07,0.0011,1.0000,Sideways
1891-08,0.0011,1.0000,Sideways
1891-09,0.0011,1.0000,Sideways
1891-10,0.0011,1.0000,Sideways
1891-11,0.0011,1.0000,Sideways
1891-12,0.0011,1.0000,Sideways
1892-01,0.0000,,
1892-02,0.0000,,
1892-03,0.0000,,
1892-04,0.0000,,
1892-05,0.0000,,
1892-06,0.0000,,
1892-07,0.0000,,
1892-08,0.0000,,
1892-09,0.0000,,
1892-10,0.0000,,
1892-11,0.0000,,
1892-12,0.0000,,
1893-01,0.0000,,
1893-02,0.0000,,
1893-03,0.0000,,
1893-04,0.0000,,
1893-05,0.0000,,
1893-06,0.0000,,
1893-07,0.0000,,
1893-08,0.0000,,
1893-09,0.0000,,
1893-10,0.0000,,
1893-11,0.0000,,
1893-12,0.0000,,
1894-01,-0.0011,1.0000,Sideways
1894-02,-0.0011,1.0000,Sideways
1894-03,-0.0011,1.0000,Sideways
1894-04,-0.0011,1.0000,Sideways
1894-05,-0.0011,1.0000,Sideways
1894-06,-0.0011,1.0000,Sideways
1894-07,-0.0011,1.0000,Sideways
1894-08,-0.0011,1.0000,Sideways
1894-09,-0.0011,1.0000,Sideways
1894-10,-0.0011,1.0000,Sideways
1894-11,-0.0011,1.0000,Sideways
1894-12,-0.0011,1.0000,Sideways
1895-01,-0.0005,1.0000,Sideways
1895-02,-0.0005,1.0000,Sideways
1895-03,-0.0005,1.0000,Sideways
1895-04,-0.0005,1.0000,Sideways
1895-05,-0.0005,1.0000,Sideways
1895-06,-0.0005,1.0000,Sideways
1895-07,-0.0005,1.0000,Sideways
1895-08,-0.0005,1.0000,Sideways
1895-09,-0.0005,1.0000,Sideways
1895-10,-0.0005,1.0000,Sideways
1895-11,-0.0005,1.0000,Sideways
1895-12,-0.0005,1.0000,Sideways
1896-01,0.0026,1.0000,Sideways
1896-02,0.0026,1.0000,Sideways
1896-03,0.0026,1.0000,Sideways
1896-04,0.0026,1.0000,Sideways
1896-05,0.0026,1.0000,Sideways
1896-06,0.0026,1.0000,Sideways
1896-07,0.0026,1.0000,Sideways
1896-08,0.0026,1.0000,Sideways
1896-09,0.0026,1.0000,Sideways
1896-10,0.0026,1.0000,Sideways
1896-11,0.0026,1.0000,Sideways
1896-12,0.0026,1.0000,Sideways
1897-01,0.0000,,
1897-02,0.0000,,
1897-03,0.0000,,
1897-04,0.0000,,
1897-05,0.0000,,
1897-06,0.0000,,
1897-07,0.0000,,
1897-08,0.0000,,
1897-09,0.0000,,
1897-10,0.0000,,
1897-11,0.0000,,
1897-12,0.0000,,
1898-01,0.0000,,
1898-02,0.0000,,
1898-03,0.0000,,
1898-04,0.0000,,
1898-05,0.0000,,
1898-06,0.0000,,
1898-07,0.0000,,
1898-08,0.0000,,
1898-09,0.0000,,
1898-10,0.0000,,
1898-11,0.0000,,
1898-12,0.0000,,
1899-01,-0.0021,1.0000,Sideways
1899-02,-0.0021,1.0000,Sideways
1899-03,-0.0021,1.0000,Sideways
1899-04,-0.0021,1.0000,Sideways
1899-05,-0.0021,1.0000,Sideways
1899-06,-0.0021,1.0000,Sideways
1899-07,-0.0021,1.0000,Sideways
1899-08,-0.0021,1.0000,Sideways
1899-09,-0.0021,1.0000,Sideways
1899-10,-0.0021,1.0000,Sideways
1899-11,-0.0021,1.0000,Sideways
1899-12,-0.0021,1.0000,Sideways
1900-01,0.0011,1.0000,Sideways
1900-02,0.0011,1.0000,Sideways
1900-03,0.0011,1.0000,Sideways
1900-04,0.0011,1.0000,Sideways
1900-05,0.0011,1.0000,Sideways
1900-06,0.0011,1.0000,Sideways
1900-07,0.0011,1.0000,Sideways
1900-08,0.0011,1.0000,Sideways
1900-09,0.0011,1.0000,Sideways
1900-10,0.0011,1.0000,Sideways
1900-11,0.0011,1.0000,Sideways
1900-12,0.0011,1.0000,Sideways
1901-01,0.0011,1.0000,Sideways
1901-02,0.0011,1.0000,Sideways
1901-03,0.0011,1.0000,Sideways
1901-04,0.0011,1.0000,Sideways
1901-05,0.0011,1.0000,Sideways
1901-06,0.0011,1.0000,Sideways
1901-07,0.0011,1.0000,Sideways
1901-08,0.0011,1.0000,Sideways
1901-09,0.0011,1.0000,Sideways
1901-10,0.0011,1.0000,Sideways
1901-11,0.0011,1.0000,Sideways
1901-12,0.0011,1.0000,Sideways
1902-01,-0.0005,1.0000,Sideways
1902-02,-0.0005,1.0000,Sideways
1902-03,-0.0005,1.0000,Sideways
1902-04,-0.0005,1.0000,Sideways
1902-05,-0.0005,1.0000,Sideways
1902-06,-0.0005,1.0000,Sideways
1902-07,-0.0005,1.0000,Sideways
1902-08,-0.0005,1.0000,Sideways
1902-09,-0.0005,1.0000,Sideways
1902-10,-0.0005,1.0000,Sideways
1902-11,-0.0005,1.0000,Sideways
1902-12,-0.0005,1.0000,Sideways
1903-01,-0.0011,1.0000,Sideways
1903-02,-0.0011,1.0000,Sideways
1903-03,-0.0011,1.0000,Sideways
1903-04,-0.0011,1.0000,Sideways
1903-05,-0.0011,1.0000,Sideways
1903-06,-0.0011,1.0000,Sideways
1903-07,-0.0011,1.0000,Sideways
1903-08,-0.0011,1.0000,Sideways
1903-09,-0.0011,1.0000,Sideways
1903-10,-0.0011,1.0000,Sideways
1903-11,-0.0011,1.0000,Sideways
1903-12,-0.0011,1.0000,Sideways
1904-01,0.0005,1.0000,Sideways
1904-02,0.0005,1.0000,Sideways
1904-03,0.0005,1.0000,Sideways
1904-04,0.0005,1.0000,Sideways
1904-05,0.0005,1.0000,Sideways
1904-06,0.0005,1.0000,Sideways
1904-07,0.0005,1.0000,Sideways
1904-08,0.0005,1.0000,Sideways
1904-09,0.0005,1.0000,Sideways
1904-10,0.0005,1.0000,Sideways
1904-11,0.0005,1.0000,Sideways
1904-12,0.0005,1.0000,Sideways
1905-01,-0.0021,1.0000,Sideways
1905-02,-0.0021,1.0000,Sideways
1905-03,-0.0021,1.0000,Sideways
1905-04,-0.0021,1.0000,Sideways
1905-05,-0.0021,1.0000,Sideways
1905-06,-0.0021,1.0000,Sideways
1905-07,-0.0021,1.0000,Sideways
1905-08,-0.0021,1.0000,Sideways
1905-09,-0.0021,1.0000,Sideways
1905-10,-0.0021,1.0000,Sideways
1905-11,-0.0021,1.0000,Sideways
1905-12,-0.0021,1.0000,Sideways
1906-01,-0.0011,1.0000,Sideways
1906-02,-0.0011,1.0000,Sideways
1906-03,-0.0011,1.0000,Sideways
1906-04,-0.0011,1.0000,Sideways
1906-05,-0.0011,1.0000,Sideways
1906-06,-0.0011,1.0000,Sideways
1906-07,-0.0011,1.0000,Sideways
1906-08,-0.0011,1.0000,Sideways
1906-09,-0.0011,1.0000,Sideways
1906-10,-0.0011,1.0000,Sideways
1906-11,-0.0011,1.0000,Sideways
1906-12,-0.0011,1.0000,Sideways
1907-01,0.0021,1.0000,Sideways
1907-02,0.0021,1.0000,Sideways
1907-03,0.0021,1.0000,Sideways
1907-04,0.0021,1.0000,Sideways
1907-05,0.0021,1.0000,Sideways
1907-06,0.0021,1.0000,Sideways
1907-07,0.0021,1.0000,Sideways
1907-08,0.0021,1.0000,Sideways
1907-09,0.0021,1.0000,Sideways
1907-10,0.0021,1.0000,Sideways
1907-11,0.0021,1.0000,Sideways
1907-12,0.0021,1.0000,Sideways
1908-01,0.0005,1.0000,Sideways
1908-02,0.0005,1.0000,Sideways
1908-03,0.0005,1.0000,Sideways
1908-04,0.0005,1.0000,Sideways
1908-05,0.0005,1.0000,Sideways
1908-06,0.0005,1.0000,Sideways
1908-07,0.0005,1.0000,Sideways
1908-08,0.0005,1.0000,Sideways
1908-09,0.0005,1.0000,Sideways
1908-10,0.0005,1.0000,Sideways
1908-11,0.0005,1.0000,Sideways
1908-12,0.0005,1.0000,Sideways
1909-01,0.0005,1.0000,Sideways
1909-02,0.0005,1.0000,Sideways
1909-03,0.0005,1.0000,Sideways
1909-04,0.0005,1.0000,Sideways
1909-05,0.0005,1.0000,Sideways
1909-06,0.0005,1.0000,Sideways
1909-07,0.0005,1.0000,Sideways
1909-08,0.0005,1.0000,Sideways
1909-09,0.0005,1.0000,Sideways
1909-10,0.0005,1.0000,Sideways
1909-11,0.0005,1.0000,Sideways
1909-12,0.0005,1.0000,Sideways
1910-01,-0.0021,1.0000,Sideways
1910-02,-0.0021,1.0000,Sideways
1910-03,-0.0021,1.0000,Sideways
1910-04,-0.0021,1.0000,Sideways
1910-05,-0.0021,1.0000,Sideways
1910-06,-0.0021,1.0000,Sideways
1910-07,-0.0021,1.0000,Sideways
1910-08,-0.0021,1.0000,Sideways
1910-09,-0.0021,1.0000,Sideways
1910-10,-0.0021,1.0000,Sideways
1910-11,-0.0021,1.0000,Sideways
1910-12,-0.0021,1.0000,Sideways
1911-01,0.0000,,
1911-02,0.0000,,
1911-03,0.0000,,
1911-04,0.0000,,
1911-05,0.0000,,
1911-06,0.0000,,
1911-07,0.0000,,
1911-08,0.0000,,
1911-09,0.0000,,
1911-10,0.0000,,
1911-11,0.0000,,
1911-12,0.0000,,
1912-01,0.0005,1.0000,Sideways
1912-02,0.0005,1.0000,Sideways
1912-03,0.0005,1.0000,Sideways
1912-04,0.0005,1.0000,Sideways
1912-05,0.0005,1.0000,Sideways
1912-06,0.0005,1.0000,Sideways
1912-07,0.0005,1.0000,Sideways
1912-08,0.0005,1.0000,Sideways
1912-09,0.0005,1.0000,Sideways
1912-10,0.0005,1.0000,Sideways
1912-11,0.0005,1.0000,Sideways
1912-12,0.0005,1.0000,Sideways
1913-01,-0.0005,1.0000,Sideways
1913-02,-0.0005,1.0000,Sideways
1913-03,-0.0005,1.0000,Sideways
1913-04,-0.0005,1.0000,Sideways
1913-05,-0.0005,1.0000,Sideways
1913-06,-0.0005,1.0000,Sideways
1913-07,-0.0005,1.0000,Sideways
1913-08,-0.0005,1.0000,Sideways
1913-09,-0.0005,1.0000,Sideways
1913-10,-0.0005,1.0000,Sideways
1913-11,-0.0005,1.0000,Sideways
1913-12,-0.0005,1.0000,Sideways
1914-01,0.0037,1.0000,Sideways
1914-02,0.0037,1.0000,Sideways
1914-03,0.0037,1.0000,Sideways
1914-04,0.0037,1.0000,Sideways
1914-05,0.0037,1.0000,Sideways
1914-06,0.0037,1.0000,Sideways
1914-07,0.0037,1.0000,Sideways
1914-08,0.0037,1.0000,Sideways
1914-09,0.0037,1.0000,Sideways
1914-10,0.0037,1.0000,Sideways
1914-11,0.0037,1.0000,Sideways
1914-12,0.0037,1.0000,Sideways
1915-01,0.0000,,
1915-02,0.0000,,
1915-03,0.0000,,
1915-04,0.0000,,
1915-05,0.0000,,
1915-06,0.0000,,
1915-07,0.0000,,
1915-08,0.0000,,
1915-09,0.0000,,
1915-10,0.0000,,
1915-11,0.0000,,
1915-12,0.0000,,
1916-01,0.0000,,
1916-02,0.0000,,
1916-03,0.0000,,
1916-04,0.0000,,
1916-05,0.0000,,
1916-06,0.0000,,
1916-07,0.0000,,
1916-08,0.0000,,
1916-09,0.0000,,
1916-10,0.0000,,
1916-11,0.0000,,
1916-12,0.0000,,
1917-01,0.0000,,
1917-02,0.0000,,
1917-03,0.0000,,
1917-04,0.0000,,
1917-05,0.0000,,
1917-06,0.0000,,
1917-07,0.0000,,
1917-08,0.0000,,
1917-09,0.0000,,
1917-10,0.0000,,
1917-11,0.0000,,
1917-12,0.0000,,
1918-01,0.0000,,
1918-02,0.0000,,
1918-03,0.0000,,
1918-04,0.0000,,
1918-05,0.0000,,
1918-06,0.0000,,
1918-07,0.0000,,
1918-08,0.0000,,
1918-09,0.0000,,
1918-10,0.0000,,
1918-11,0.0000,,
1918-12,0.0000,,
1919-01,0.0506,1.0000,Sideways
1919-02,0.0506,1.0000,Sideways
1919-03,0.0506,1.0000,Sideways
1919-04,0.0506,1.0000,Sideways
1919-05,0.0506,1.0000,Sideways
1919-06,0.0506,1.0000,Sideways
1919-07,0.0506,1.0000,Sideways
1919-08,0.0506,1.0000,Sideways
1919-09,0.0506,1.0000,Sideways
1919-10,0.0506,1.0000,Sideways
1919-11,0.0506,1.0000,Sideways
1919-12,0.0506,1.0000,Sideways
1920-01,0.0366,1.0000,Sideways
1920-02,0.0366,1.0000,Sideways
1920-03,0.0366,1.0000,Sideways
1920-04,0.0366,1.0000,Sideways
1920-05,0.0366,1.0000,Sideways
1920-06,0.0366,1.0000,Sideways
1920-07,0.0366,1.0000,Sideways
1920-08,0.0366,1.0000,Sideways
1920-09,0.0366,1.0000,Sideways
1920-10,0.0366,1.0000,Sideways
1920-11,0.0366,1.0000,Sideways
1920-12,0.0366,1.0000,Sideways
1921-01,-0.0048,1.0000,Sideways
1921-02,-0.0048,1.0000,Sideways
1921-03,-0.0048,1.0000,Sideways
1921-04,-0.0048,1.0000,Sideways
1921-05,-0.0048,1.0000,Sideways
1921-06,-0.0048,1.0000,Sideways
1921-07,-0.0048,1.0000,Sideways
1921-08,-0.0048,1.0000,Sideways
1921-09,-0.0048,1.0000,Sideways
1921-10,-0.0048,1.0000,Sideways
1921-11,-0.0048,1.0000,Sideways
1921-12,-0.0048,1.0000,Sideways
1922-01,0.0039,1.0000,Sideways
1922-02,0.0039,1.0000,Sideways
1922-03,0.0039,1.0000,Sideways
1922-04,0.0039,1.0000,Sideways
1922-05,0.0039,1.0000,Sideways
1922-06,0.0039,1.0000,Sideways
1922-07,0.0039,1.0000,Sideways
1922-08,0.0039,1.0000,Sideways
1922-09,0.0039,1.0000,Sideways
1922-10,0.0039,1.0000,Sideways
1922-11,0.0039,1.0000,Sideways
1922-12,0.0039,1.0000,Sideways
1923-01,0.0319,1.0000,Sideways
1923-02,0.0319,1.0000,Sideways
1923-03,0.0319,1.0000,Sideways
1923-04,0.0319,1.0000,Sideways
1923-05,0.0319,1.0000,Sideways
1923-06,0.0319,1.0000,Sideways
1923-07,0.0319,1.0000,Sideways
1923-08,0.0319,1.0000,Sideways
1923-09,0.0319,1.0000,Sideways
1923-10,0.0319,1.0000,Sideways
1923-11,0.0319,1.0000,Sideways
1923-12,0.0319,1.0000,Sideways
1924-01,-0.0295,1.0000,Sideways
1924-02,-0.0295,1.0000,Sideways
1924-03,-0.0295,1.0000,Sideways
1924-04,-0.0295,1.0000,Sideways
1924-05,-0.0295,1.0000,Sideways
1924-06,-0.0295,1.0000,Sideways
1924-07,-0.0295,1.0000,Sideways
1924-08,-0.0295,1.0000,Sideways
1924-09,-0.0295,1.0000,Sideways
1924-10,-0.0295,1.0000,Sideways
1924-11,-0.0295,1.0000,Sideways
1924-12,-0.0295,1.0000,Sideways
1925-01,-0.0024,1.0000,Sideways
1925-02,-0.0024,1.0000,Sideways
1925-03,-0.0024,1.0000,Sideways
1925-04,-0.0024,1.0000,Sideways
1925-05,-0.0024,1.0000,Sideways
1925-06,-0.0024,1.0000,Sideways
1925-07,-0.0024,1.0000,Sideways
1925-08,-0.0024,1.0000,Sideways
1925-09,-0.0024,1.0000,Sideways
1925-10,-0.0024,1.0000,Sideways
1925-11,-0.0024,1.0000,Sideways
1925-12,-0.0024,1.0000,Sideways
1926-01,-0.0005,1.0000,Sideways
1926-02,-0.0005,1.0000,Sideways
1926-03,-0.0005,1.0000,Sideways
1926-04,-0.0005,1.0000,Sideways
1926-05,-0.0005,1.0000,Sideways
1926-06,-0.0005,1.0000,Sideways
1926-07,-0.0005,1.0000,Sideways
1926-08,-0.0005,1.0000,Sideways
1926-09,-0.0005,1.0000,Sideways
1926-10,-0.0005,1.0000,Sideways
1926-11,-0.0005,1.0000,Sideways
1926-12,-0.0005,1.0000,Sideways
1927-01,0.0005,1.0000,Sideways
1927-02,0.0005,1.0000,Sideways
1927-03,0.0005,1.0000,Sideways
1927-04,0.0005,1.0000,Sideways
1927-05,0.0005,1.0000,Sideways
1927-06,0.0005,1.0000,Sideways
1927-07,0.0005,1.0000,Sideways
1927-08,0.0005,1.0000,Sideways
1927-09,0.0005,1.0000,Sideways
1927-10,0.0005,1.0000,Sideways
1927-11,0.0005,1.0000,Sideways
1927-12,0.0005,1.0000,Sideways
1928-01,0.0010,1.0000,Sideways
1928-02,0.0010,1.0000,Sideways
1928-03,0.0010,1.0000,Sideways
1928-04,0.0010,1.0000,Sideways
1928-05,0.0010,1.0000,Sideways
1928-06,0.0010,1.0000,Sideways
1928-07,0.0010,1.0000,Sideways
1928-08,0.0010,1.0000,Sideways
1928-09,0.0010,1.0000,Sideways
1928-10,0.0010,1.0000,Sideways
1928-11,0.0010,1.0000,Sideways
1928-12,0.0010,1.0000,Sideways
1929-01,-0.0015,1.0000,Sideways
1929-02,-0.0015,1.0000,Sideways
1929-03,-0.0015,1.0000,Sideways
1929-04,-0.0015,1.0000,Sideways
1929-05,-0.0015,1.0000,Sideways
1929-06,-0.0015,1.0000,Sideways
1929-07,-0.0015,1.0000,Sideways
1929-08,-0.0015,1.0000,Sideways
1929-09,-0.0015,1.0000,Sideways
1929-10,-0.0015,1.0000,Sideways
1929-11,-0.0015,1.0000,Sideways
1929-12,-0.0015,1.0000,Sideways
1930-01,0.0010,1.0000,Sideways
1930-02,0.0010,1.0000,Sideways
1930-03,0.0010,1.0000,Sideways
1930-04,0.0010,1.0000,Sideways
1930-05,0.0010,1.0000,Sideways
1930-06,0.0010,1.0000,Sideways
1930-07,0.0010,1.0000,Sideways
1930-08,0.0010,1.0000,Sideways
1930-09,0.0010,1.0000,Sideways
1930-10,0.0010,1.0000,Sideways
1930-11,0.0010,1.0000,Sideways
1930-12,0.0010,1.0000,Sideways
1931-01,-0.1738,1.0000,Down
1931-02,-0.1738,1.0000,Down
1931-03,-0.1738,1.0000,Down
1931-04,-0.1738,1.0000,Down
1931-05,-0.1738,1.0000,Down
1931-06,-0.1738,1.0000,Down
1931-07,-0.1738,1.0000,Down
1931-08,-0.1738,1.0000,Down
1931-09,-0.1738,1.0000,Down
1931-10,-0.1738,1.0000,Down
1931-11,-0.1738,1.0000,Down
1931-12,-0.1738,1.0000,Down
1932-01,0.2128,1.0000,Up
1932-02,0.2128,1.0000,Up
1932-03,0.2128,1.0000,Up
1932-04,0.2128,1.0000,Up
1932-05,0.2128,1.0000,Up
1932-06,0.2128,1.0000,Up
1932-07,0.2128,1.0000,Up
1932-08,0.2128,1.0000,Up
1932-09,0.2128,1.0000,Up
1932-10,0.2128,1.0000,Up
1932-11,0.2128,1.0000,Up
1932-12,0.2128,1.0000,Up
1933-01,0.2726,1.0000,Up
1933-02,0.2726,1.0000,Up
1933-03,0.2726,1.0000,Up
1933-04,0.2726,1.0000,Up
1933-05,0.2726,1.0000,Up
1933-06,0.2726,1.0000,Up
1933-07,0.2726,1.0000,Up
1933-08,0.2726,1.0000,Up
1933-09,0.2726,1.0000,Up
1933-10,0.2726,1.0000,Up
1933-11,0.2726,1.0000,Up
1933-12,0.2726,1.0000,Up
1934-01,0.3175,1.0000,Up
1934-02,0.3175,1.0000,Up
1934-03,0.3175,1.0000,Up
1934-04,0.3175,1.0000,Up
1934-05,0.3175,1.0000,Up
1934-06,0.3175,1.0000,Up
1934-07,0.3175,1.0000,Up
1934-08,0.3175,1.0000,Up
1934-09,0.3175,1.0000,Up
1934-10,0.3175,1.0000,Up
1934-11,0.3175,1.0000,Up
1934-12,0.3175,1.0000,Up
1935-01,0.0043,1.0000,Sideways
1935-02,0.0043,1.0000,Sideways
1935-03,0.0043,1.0000,Sideways
1935-04,0.0043,1.0000,Sideways
1935-05,0.0043,1.0000,Sideways
1935-06,0.0043,1.0000,Sideways
1935-07,0.0043,1.0000,Sideways
1935-08,0.0043,1.0000,Sideways
1935-09,0.0043,1.0000,Sideways
1935-10,0.0043,1.0000,Sideways
1935-11,0.0043,1.0000,Sideways
1935-12,0.0043,1.0000,Sideways
1936-01,0.0009,1.0000,Sideways
1936-02,0.0009,1.0000,Sideways
1936-03,0.0009,1.0000,Sideways
1936-04,0.0009,1.0000,Sideways
1936-05,0.0009,1.0000,Sideways
1936-06,0.0009,1.0000,Sideways
1936-07,0.0009,1.0000,Sideways
1936-08,0.0009,1.0000,Sideways
1936-09,0.0009,1.0000,Sideways
1936-10,0.0009,1.0000,Sideways
1936-11,0.0009,1.0000,Sideways
1936-12,0.0009,1.0000,Sideways
1937-01,-0.0023,1.0000,Sideways
1937-02,-0.0023,1.0000,Sideways
1937-03,-0.0023,1.0000,Sideways
1937-04,-0.0023,1.0000,Sideways
1937-05,-0.0023,1.0000,Sideways
1937-06,-0.0023,1.0000,Sideways
1937-07,-0.0023,1.0000,Sideways
1937-08,-0.0023,1.0000,Sideways
1937-09,-0.0023,1.0000,Sideways
1937-10,-0.0023,1.0000,Sideways
1937-11,-0.0023,1.0000,Sideways
1937-12,-0.0023,1.0000,Sideways
1938-01,0.0017,1.0000,Sideways
1938-02,0.0017,1.0000,Sideways
1938-03,0.0017,1.0000,Sideways
1938-04,0.0017,1.0000,Sideways
1938-05,0.0017,1.0000,Sideways
1938-06,0.0017,1.0000,Sideways
1938-07,0.0017,1.0000,Sideways
1938-08,0.0017,1.0000,Sideways
1938-09,0.0017,1.0000,Sideways
1938-10,0.0017,1.0000,Sideways
1938-11,0.0017,1.0000,Sideways
1938-12,0.0017,1.0000,Sideways
1939-01,-0.0123,1.0000,Sideways
1939-02,-0.0123,1.0000,Sideways
1939-03,-0.0123,1.0000,Sideways
1939-04,-0.0123,1.0000,Sideways
1939-05,-0.0123,1.0000,Sideways
1939-06,-0.0123,1.0000,Sideways
1939-07,-0.0123,1.0000,Sideways
1939-08,-0.0123,1.0000,Sideways
1939-09,-0.0123,1.0000,Sideways
1939-10,-0.0123,1.0000,Sideways
1939-11,-0.0123,1.0000,Sideways
1939-12,-0.0123,1.0000,Sideways
1940-01,-0.0166,1.0000,Sideways
1940-02,-0.0166,1.0000,Sideways
1940-03,-0.0166,1.0000,Sideways
1940-04,-0.0166,1.0000,Sideways
1940-05,-0.0166,1.0000,Sideways
1940-06,-0.0166,1.0000,Sideways
1940-07,-0.0166,1.0000,Sideways
1940-08,-0.0166,1.0000,Sideways
1940-09,-0.0166,1.0000,Sideways
1940-10,-0.0166,1.0000,Sideways
1940-11,-0.0166,1.0000,Sideways
1940-12,-0.0166,1.0000,Sideways
1941-01,0.0000,,
1941-02,0.0000,,
1941-03,0.0000,,
1941-04,0.0000,,
1941-05,0.0000,,
1941-06,0.0000,,
1941-07,0.0000,,
1941-08,0.0000,,
1941-09,0.0000,,
1941-10,0.0000,,
1941-11,0.0000,,
1941-12,0.0000,,
1942-01,0.0000,,
1942-02,0.0000,,
1942-03,0.0000,,
1942-04,0.0000,,
1942-05,0.0000,,
1942-06,0.0000,,
1942-07,0.0000,,
1942-08,0.0000,,
1942-09,0.0000,,
1942-10,0.0000,,
1942-11,0.0000,,
1942-12,0.0000,,
1943-01,0.0000,,
1943-02,0.0000,,
1943-03,0.0000,,
1943-04,0.0000,,
1943-05,0.0000,,
1943-06,0.0000,,
1943-07,0.0000,,
1943-08,0.0000,,
1943-09,0.0000,,
1943-10,0.0000,,
1943-11,0.0000,,
1943-12,0.0000,,
1944-01,0.0000,,
1944-02,0.0000,,
1944-03,0.0000,,
1944-04,0.0000,,
1944-05,0.0000,,
1944-06,0.0000,,
1944-07,0.0000,,
1944-08,0.0000,,
1944-09,0.0000,,
1944-10,0.0000,,
1944-11,0.0000,,
1944-12,0.0000,,
1945-01,0.0254,1.0000,Sideways
1945-02,0.0254,1.0000,Sideways
1945-03,0.0254,1.0000,Sideways
1945-04,0.0254,1.0000,Sideways
1945-05,0.0254,1.0000,Sideways
1945-06,0.0254,1.0000,Sideways
1945-07,0.0254,1.0000,Sideways
1945-08,0.0254,1.0000,Sideways
1945-09,0.0254,1.0000,Sideways
1945-10,0.0254,1.0000,Sideways
1945-11,0.0254,1.0000,Sideways
1945-12,0.0254,1.0000,Sideways
1946-01,0.0000,,
1946-02,0.0000,,
1946-03,0.0000,,
1946-04,0.0000,,
1946-05,0.0000,,
1946-06,0.0000,,
1946-07,0.0000,,
1946-08,0.0000,,
1946-09,0.0000,,
1946-10,0.0000,,
1946-11,0.0000,,
1946-12,0.0000,,
1947-01,0.0000,,
1947-02,0.0000,,
1947-03,0.0000,,
1947-04,0.0000,,
1947-05,0.0000,,
1947-06,0.0000,,
1947-07,0.0000,,
1947-08,0.0000,,
1947-09,0.0000,,
1947-10,0.0000,,
1947-11,0.0000,,
1947-12,0.0000,,
1948-01,0.0000,,
1948-02,0.0000,,
1948-03,0.0000,,
1948-04,0.0000,,
1948-05,0.0000,,
1948-06,0.0000,,
1948-07,0.0000,,
1948-08,0.0000,,
1948-09,0.0000,,
1948-10,0.0000,,
1948-11,0.0000,,
1948-12,0.0000,,
1949-01,-0.0870,1.0000,Sideways
1949-02,-0.0870,1.0000,Sideways
1949-03,-0.0870,1.0000,Sideways
1949-04,-0.0870,1.0000,Sideways
1949-05,-0.0870,1.0000,Sideways
1949-06,-0.0870,1.0000,Sideways
1949-07,-0.0870,1.0000,Sideways
1949-08,-0.0870,1.0000,Sideways
1949-09,-0.0870,1.0000,Sideways
1949-10,-0.0870,1.0000,Sideways
1949-11,-0.0870,1.0000,Sideways
1949-12,-0.0870,1.0000,Sideways
1950-01,0.0956,1.0000,Sideways
1950-02,0.0956,1.0000,Sideways
1950-03,0.0956,1.0000,Sideways
1950-04,0.0956,1.0000,Sideways
1950-05,0.0956,1.0000,Sideways
1950-06,0.0956,1.0000,Sideways
1950-07,0.0956,1.0000,Sideways
1950-08,0.0956,1.0000,Sideways
1950-09,0.0956,1.0000,Sideways
1950-10,0.0956,1.0000,Sideways
1950-11,0.0956,1.0000,Sideways
1950-12,0.0956,1.0000,Sideways
1951-01,0.0000,,
1951-02,0.0000,,
1951-03,0.0000,,
1951-04,0.0000,,
1951-05,0.0000,,
1951-06,0.0000,,
1951-07,0.0000,,
1951-08,0.0000,,
1951-09,0.0000,,
1951-10,0.0000,,
1951-11,0.0000,,
1951-12,0.0000,,
1952-01,-0.0035,1.0000,Sideways
1952-02,-0.0035,1.0000,Sideways
1952-03,-0.0035,1.0000,Sideways
1952-04,-0.0035,1.0000,Sideways
1952-05,-0.0035,1.0000,Sideways
1952-06,-0.0035,1.0000,Sideways
1952-07,-0.0035,1.0000,Sideways
1952-08,-0.0035,1.0000,Sideways
1952-09,-0.0035,1.0000,Sideways
1952-10,-0.0035,1.0000,Sideways
1952-11,-0.0035,1.0000,Sideways
1952-12,-0.0035,1.0000,Sideways
1953-01,0.0069,1.0000,Sideways
1953-02,0.0069,1.0000,Sideways
1953-03,0.0069,1.0000,Sideways
1953-04,0.0069,1.0000,Sideways
1953-05,0.0069,1.0000,Sideways
1953-06,0.0069,1.0000,Sideways
1953-07,0.0069,1.0000,Sideways
1953-08,0.0069,1.0000,Sideways
1953-09,0.0069,1.0000,Sideways
1953-10,0.0069,1.0000,Sideways
1953-11,0.0069,1.0000,Sideways
1953-12,0.0069,1.0000,Sideways
1954-01,0.0057,1.0000,Sideways
1954-02,0.0057,1.0000,Sideways
1954-03,0.0057,1.0000,Sideways
1954-04,0.0057,1.0000,Sideways
1954-05,0.0057,1.0000,Sideways
1954-06,0.0057,1.0000,Sideways
1954-07,0.0057,1.0000,Sideways
1954-08,0.0057,1.0000,Sideways
1954-09,0.0057,1.0000,Sideways
1954-10,0.0057,1.0000,Sideways
1954-11,0.0057,1.0000,Sideways
1954-12,0.0057,1.0000,Sideways
1955-01,-0.0003,1.0000,Sideways
1955-02,-0.0003,1.0000,Sideways
1955-03,-0.0003,1.0000,Sideways
1955-04,-0.0003,1.0000,Sideways
1955-05,-0.0003,1.0000,Sideways
1955-06,-0.0003,1.0000,Sideways
1955-07,-0.0003,1.0000,Sideways
1955-08,-0.0003,1.0000,Sideways
1955-09,-0.0003,1.0000,Sideways
1955-10,-0.0003,1.0000,Sideways
1955-11,-0.0003,1.0000,Sideways
1955-12,-0.0003,1.0000,Sideways
1956-01,-0.0011,1.0000,Sideways
1956-02,-0.0011,1.0000,Sideways
1956-03,-0.0011,1.0000,Sideways
1956-04,-0.0011,1.0000,Sideways
1956-05,-0.0011,1.0000,Sideways
1956-06,-0.0011,1.0000,Sideways
1956-07,-0.0011,1.0000,Sideways
1956-08,-0.0011,1.0000,Sideways
1956-09,-0.0011,1.0000,Sideways
1956-10,-0.0011,1.0000,Sideways
1956-11,-0.0011,1.0000,Sideways
1956-12,-0.0011,1.0000,Sideways
1957-01,-0.0011,1.0000,Sideways
1957-02,-0.0011,1.0000,Sideways
1957-03,-0.0011,1.0000,Sideways
1957-04,-0.0011,1.0000,Sideways
1957-05,-0.0011,1.0000,Sideways
1957-06,-0.0011,1.0000,Sideways
1957-07,-0.0011,1.0000,Sideways
1957-08,-0.0011,1.0000,Sideways
1957-09,-0.0011,1.0000,Sideways
1957-10,-0.0011,1.0000,Sideways
1957-11,-0.0011,1.0000,Sideways
1957-12,-0.0011,1.0000,Sideways
1958-01,0.0043,1.0000,Sideways
1958-02,0.0043,1.0000,Sideways
1958-03,0.0043,1.0000,Sideways
1958-04,0.0043,1.0000,Sideways
1958-05,0.0043,1.0000,Sideways
1958-06,0.0043,1.0000,Sideways
1958-07,0.0043,1.0000,Sideways
1958-08,0.0043,1.0000,Sideways
1958-09,0.0043,1.0000,Sideways
1958-10,0.0043,1.0000,Sideways
1958-11,0.0043,1.0000,Sideways
1958-12,0.0043,1.0000,Sideways
1959-01,0.0000,,
1959-02,0.0000,,
1959-03,0.0000,,
1959-04,0.0000,,
1959-05,0.0000,,
1959-06,0.0000,,
1959-07,0.0000,,
1959-08,0.0000,,
1959-09,0.0000,,
1959-10,0.0000,,
1959-11,0.0000,,
1959-12,0.0000,,
1960-01,0.0048,1.0000,Sideways
1960-02,-0.0028,0.2273,Sideways
1960-03,-0.0028,0.2273,Sideways
1960-04,0.0048,0.2394,Sideways
1960-05,0.0048,0.2394,Sideways
1960-06,-0.0028,0.1020,Sideways
1960-07,0.0048,0.1360,Sideways
1960-08,0.0048,0.1360,Sideways
1960-09,0.0048,0.1360,Sideways
1960-10,0.0048,0.1360,Sideways
1960-11,0.0048,0.1360,Sideways
1960-12,-0.0028,0.0658,Sideways
1961-01,-0.0006,0.0125,Sideways
1961-02,0.0000,0.0000,Sideways
1961-03,0.0000,0.0000,Sideways
1961-04,-0.0077,0.2061,Sideways
1961-05,-0.0077,0.2061,Sideways
1961-06,0.0000,0.0000,Sideways
1961-07,-0.0077,0.3506,Sideways
1961-08,-0.0077,0.3506,Sideways
1961-09,-0.0077,0.3506,Sideways
1961-10,-0.0077,0.3506,Sideways
1961-11,-0.0077,0.3506,Sideways
1961-12,0.0000,0.0000,Sideways
1962-01,-0.0071,1.0000,Sideways
1962-02,0.0000,,
1962-03,0.0000,,
1962-04,0.0066,1.0000,Sideways
1962-05,0.0000,0.0000,Sideways
1962-06,0.0000,0.0000,Sideways
1962-07,0.0000,0.0000,Sideways
1962-08,0.0000,0.0000,Sideways
1962-09,0.0066,0.3333,Sideways
1962-10,0.0000,0.0000,Sideways
1962-11,0.0000,0.0000,Sideways
1962-12,0.0066,0.2000,Sideways
1963-01,0.0000,0.0000,Sideways
1963-02,0.0000,0.0000,Sideways
1963-03,0.0000,0.0000,Sideways
1963-04,-0.0065,0.2000,Sideways
1963-05,0.0000,0.0000,Sideways
1963-06,0.0000,0.0000,Sideways
1963-07,0.0000,0.0000,Sideways
1963-08,0.0000,0.0000,Sideways
1963-09,-0.0065,0.3333,Sideways
1963-10,0.0000,0.0000,Sideways
1963-11,0.0000,0.0000,Sideways
1963-12,-0.0065,1.0000,Sideways
1964-01,0.0000,,
1964-02,0.0000,,
1964-03,0.0000,,
1964-04,0.0000,,
1964-05,0.0029,1.0000,Sideways
1964-06,0.0000,0.0000,Sideways
1964-07,0.0000,0.0000,Sideways
1964-08,0.0000,0.0000,Sideways
1964-09,0.0000,0.0000,Sideways
1964-10,0.0000,0.0000,Sideways
1964-11,0.0000,0.0000,Sideways
1964-12,0.0000,0.0000,Sideways
1965-01,0.0000,0.0000,Sideways
1965-02,0.0000,0.0000,Sideways
1965-03,0.0000,0.0000,Sideways
1965-04,0.0000,0.0000,Sideways
1965-05,-0.0028,1.0000,Sideways
1965-06,0.0000,,
1965-07,0.0000,,
1965-08,0.0000,,
1965-09,0.0000,,
1965-10,0.0000,,
1965-11,0.0000,,
1965-12,0.0000,,
1966-01,0.0000,,
1966-02,0.0000,,
1966-03,0.0000,,
1966-04,0.0000,,
1966-05,0.0000,,
1966-06,0.0000,,
1966-07,0.0000,,
1966-08,0.0000,,
1966-09,0.0000,,
1966-10,0.0000,,
1966-11,0.0000,,
1966-12,0.0000,,
1967-01,0.0000,,
1967-02,0.0000,,
1967-03,0.0000,,
1967-04,0.0000,,
1967-05,0.0000,,
1967-06,0.0000,,
1967-07,0.0000,,
1967-08,0.0000,,
1967-09,0.0000,,
1967-10,0.0000,,
1967-11,0.0000,,
1967-12,0.0000,,
1968-01,0.0286,1.0000,Sideways
1968-02,0.0286,1.0000,Sideways
1968-03,0.0571,1.0000,Sideways
1968-04,0.0857,1.0000,Sideways
1968-05,0.1714,1.0000,Up
1968-06,0.1714,1.0000,Up
1968-07,0.1143,0.5000,Up
1968-08,0.1143,0.5000,Up
1968-09,0.1429,0.5556,Up
1968-10,0.1143,0.4000,Up
1968-11,0.1429,0.4545,Up
1968-12,0.1714,0.5000,Up
1969-01,0.1667,0.5000,Up
1969-02,0.1944,0.5385,Up
1969-03,0.1622,0.5000,Up
1969-04,0.1316,0.4545,Up
1969-05,0.0488,0.2500,Sideways
1969-06,0.0000,0.0000,Sideways
1969-07,0.0769,0.3333,Sideways
1969-08,0.0513,0.2000,Sideways
1969-09,0.0250,0.1111,Sideways
1969-10,0.0256,0.1111,Sideways
1969-11,-0.0750,0.2727,Sideways
1969-12,-0.1463,0.5000,Down
1970-01,-0.1667,0.6364,Down
1970-02,-0.1860,0.8000,Down
1970-03,-0.1860,0.8000,Down
1970-04,-0.1628,0.6364,Down
1970-05,-0.1628,0.6364,Down
1970-06,-0.1463,0.6000,Down
1970-07,-0.1667,0.7778,Down
1970-08,-0.1463,0.7500,Down
1970-09,-0.1220,0.5556,Down
1970-10,-0.0500,0.2000,Sideways
1970-11,0.0000,0.0000,Sideways
1970-12,0.0571,0.3333,Sideways
1971-01,0.0857,0.4286,Sideways
1971-02,0.1143,0.5000,Up
1971-03,0.1143,0.5000,Up
1971-04,0.0833,0.4286,Sideways
1971-05,0.1389,0.5556,Up
1971-06,0.1429,0.5556,Up
1971-07,0.1714,0.6000,Up
1971-08,0.2286,0.6667,Up
1971-09,0.1667,0.5000,Up
1971-10,0.1316,0.4545,Up
1971-11,0.1622,0.6000,Up
1971-12,0.1622,0.6000,Up
1972-01,0.2105,0.6667,Up
1972-02,0.2308,0.6923,Up
1972-03,0.2308,0.6923,Up
1972-04,0.2564,0.7143,Up
1972-05,0.3415,0.7778,Up
1972-06,0.5500,0.9167,Up
1972-07,0.6098,0.9259,Up
1972-08,0.5581,0.9231,Up
1972-09,0.5476,0.8519,Up
1972-10,0.5116,0.8462,Up
1972-11,0.4651,0.7143,Up
1972-12,0.4884,0.7241,Up
1973-01,0.4130,0.7037,Up
1973-02,0.5417,0.7647,Up
1973-03,0.7500,0.8182,Up
1973-04,0.8571,0.8400,Up
1973-05,0.8545,0.8545,Up
1973-06,0.9355,0.8788,Up
1973-07,0.8182,0.8710,Up
1973-08,0.5970,0.5405,Up
1973-09,0.5846,0.5000,Up
1973-10,0.5385,0.4430,Up
1973-11,0.5079,0.3902,Up
1973-12,0.6719,0.4624,Up
1974-01,0.9846,0.5614,Up
1974-02,1.0270,0.6032,Up
1974-03,1.0000,0.6269,Up
1974-04,0.8901,0.6183,Up
1974-05,0.5980,0.4729,Up
1974-06,0.2833,0.2833,Sideways
1974-07,0.1917,0.1756,Sideways
1974-08,0.4486,0.3692,Up
1974-09,0.4757,0.3798,Up
1974-10,0.5900,0.4436,Up
1974-11,0.9158,0.5762,Up
1974-12,0.7196,0.5461,Up
1975-01,0.3643,0.3701,Up
1975-02,0.2000,0.2727,Sideways
1975-03,0.0595,0.1064,Sideways
1975-04,-0.0116,0.0204,Sideways
1975-05,0.0245,0.0435,Sideways
1975-06,0.0649,0.1163,Sideways
1975-07,0.1538,0.2895,Sideways
1975-08,0.0516,0.1212,Sideways
1975-09,-0.0526,0.0976,Sideways
1975-10,-0.1006,0.2105,Sideways
1975-11,-0.2198,0.7407,Down
1975-12,-0.2446,0.8182,Down
1976-01,-0.2557,0.8182,Down
1976-02,-0.2722,0.9608,Down
1976-03,-0.2528,0.8824,Down
1976-04,-0.2471,0.8750,Down
1976-05,-0.2395,0.8696,Down
1976-06,-0.2317,0.8636,Down
1976-07,-0.2848,0.9216,Down
1976-08,-0.3252,0.9298,Down
1976-09,-0.2083,0.7143,Down
1976-10,-0.1888,0.6279,Down
1976-11,-0.0845,0.2143,Sideways
1976-12,-0.0360,0.0877,Sideways
1977-01,0.0076,0.0196,Sideways
1977-02,0.0382,0.0909,Sideways
1977-03,0.1128,0.2308,Sideways
1977-04,0.1641,0.3443,Up
1977-05,0.1575,0.3226,Up
1977-06,0.1190,0.2239,Sideways
1977-07,0.2119,0.4098,Up
1977-08,0.3182,0.6364,Up
1977-09,0.3158,0.6429,Up
1977-10,0.3707,0.6825,Up
1977-11,0.2462,0.6154,Up
1977-12,0.1940,0.5200,Up
1978-01,0.3106,0.6721,Up
1978-02,0.3088,0.6774,Up
1978-03,0.2432,0.6429,Up
1978-04,0.1745,0.4062,Up
1978-05,0.1973,0.4603,Up
1978-06,0.3050,0.6615,Up
1978-07,0.3217,0.6765,Up
1978-08,0.4207,0.7349,Up
1978-09,0.4133,0.7381,Up
1978-10,0.4277,0.7556,Up
1978-11,0.2716,0.4074,Up
1978-12,0.3000,0.4444,Up
1979-01,0.3121,0.4737,Up
1979-02,0.3820,0.5312,Up
1979-03,0.3152,0.4603,Up
1979-04,0.3657,0.5333,Up
1979-05,0.4659,0.5942,Up
1979-06,0.5163,0.6291,Up
1979-07,0.5608,0.6543,Up
1979-08,0.4612,0.6291,Up
1979-09,0.6745,0.7186,Up
1979-10,0.7269,0.7466,Up
1979-11,0.9029,0.9300,Up
1979-12,1.1875,0.9464,Up
1980-01,1.9736,0.9697,Up
1980-02,1.7033,0.9249,Up
1980-03,1.2893,0.5571,Up
1980-04,1.1632,0.4680,Up
1980-05,0.9922,0.4429,Up
1980-06,1.1541,0.5000,Up
1980-07,1.1797,0.5194,Up
1980-08,1.0831,0.4794,Up
1980-09,0.8986,0.4740,Up
1980-10,0.6862,0.4145,Up
1980-11,0.5944,0.3401,Up
1980-12,0.1824,0.1171,Sideways
1981-01,-0.1748,0.2323,Sideways
1981-02,-0.2481,0.2973,Sideways
1981-03,-0.0993,0.1236,Sideways
1981-04,-0.0406,0.0511,Sideways
1981-05,-0.0661,0.0802,Sideways
1981-06,-0.2329,0.3933,Down
1981-07,-0.3639,0.6393,Down
1981-08,-0.3461,0.6182,Down
1981-09,-0.3412,0.6805,Down
1981-10,-0.3374,0.6737,Down
1981-11,-0.3392,0.6625,Down
1981-12,-0.2379,0.5424,Down
1982-01,-0.3106,0.7119,Down
1982-02,-0.2520,0.6429,Down
1982-03,-0.3387,0.7071,Down
1982-04,-0.2944,0.5703,Down
1982-05,-0.3042,0.5703,Down
1982-06,-0.3167,0.5703,Down
1982-07,-0.1711,0.3070,Down
1982-08,-0.1122,0.1825,Sideways
1982-09,-0.0158,0.0241,Sideways
1982-10,-0.0365,0.0533,Sideways
1982-11,0.0048,0.0071,Sideways
1982-12,0.0854,0.1133,Sideways
1983-01,0.2526,0.3041,Up
1983-02,0.3128,0.3668,Up
1983-03,0.2727,0.2601,Sideways
1983-04,0.2371,0.2448,Sideways
1983-05,0.3114,0.3171,Up
1983-06,0.3111,0.2934,Sideways
1983-07,0.1888,0.2000,Sideways
1983-08,0.1429,0.1688,Sideways
1983-09,-0.0572,0.1046,Sideways
1983-10,-0.0664,0.1157,Sideways
1983-11,-0.0795,0.1336,Sideways
1983-12,-0.1281,0.2556,Sideways
1984-01,-0.2287,0.5392,Down
1984-02,-0.2138,0.5024,Down
1984-03,-0.0619,0.1781,Sideways
1984-04,-0.1201,0.3562,Down
1984-05,-0.1393,0.4207,Down
1984-06,-0.0847,0.2893,Sideways
1984-07,-0.1365,0.3901,Down
1984-08,-0.1635,0.5312,Down
1984-09,-0.1748,0.5455,Down
1984-10,-0.1345,0.4609,Down
1984-11,-0.1047,0.3846,Down
1984-12,-0.1753,0.5667,Down
1985-01,-0.1833,0.5667,Down
1985-02,-0.2254,0.7982,Down
1985-03,-0.2030,0.6897,Down
1985-04,-0.1417,0.4655,Down
1985-05,-0.1618,0.4959,Down
1985-06,-0.1614,0.4959,Down
1985-07,-0.0891,0.3333,Sideways
1985-08,-0.0517,0.1698,Sideways
1985-09,-0.0500,0.1619,Sideways
1985-10,-0.0440,0.1402,Sideways
1985-11,-0.0585,0.1818,Sideways
1985-12,0.0063,0.0227,Sideways
1986-01,0.1452,0.4583,Up
1986-02,0.1338,0.4000,Up
1986-03,0.1019,0.3478,Up
1986-04,0.0398,0.1529,Sideways
1986-05,0.0823,0.3421,Sideways
1986-06,0.0820,0.3421,Sideways
1986-07,0.0978,0.3827,Sideways
1986-08,0.1424,0.4845,Up
1986-09,0.2941,0.7252,Up
1986-10,0.3006,0.7313,Up
1986-11,0.2360,0.4872,Up
1986-12,0.2143,0.4233,Up
1987-01,0.1758,0.3935,Up
1987-02,0.1829,0.4026,Up
1987-03,0.1821,0.4065,Up
1987-04,0.2882,0.5506,Up
1987-05,0.3450,0.5960,Up
1987-06,0.3120,0.5169,Up
1987-07,0.2960,0.5074,Up
1987-08,0.2228,0.4565,Up
1987-09,0.1005,0.2917,Sideways
1987-10,0.0967,0.2867,Sideways
1987-11,0.1759,0.5833,Up
1987-12,0.2430,0.7252,Up
1988-01,0.1691,0.5610,Up
1988-02,0.1022,0.2715,Sideways
1988-03,0.0856,0.2414,Sideways
1988-04,0.0320,0.1129,Sideways
1988-05,-0.0196,0.0874,Sideways
1988-06,0.0022,0.0108,Sideways
1988-07,-0.0288,0.1238,Sideways
1988-08,-0.0651,0.2941,Sideways
1988-09,-0.1022,0.3950,Down
1988-10,-0.1247,0.4833,Down
1988-11,-0.1026,0.3692,Down
1988-12,-0.1379,0.5929,Down
1989-01,-0.1530,0.6134,Down
1989-02,-0.1222,0.5400,Down
1989-03,-0.1216,0.5400,Down
1989-04,-0.1504,0.6939,Down
1989-05,-0.1774,0.7273,Down
1989-06,-0.1840,0.7345,Down
1989-07,-0.1438,0.5888,Down
1989-08,-0.1531,0.6000,Down
1989-09,-0.1235,0.5368,Down
1989-10,-0.0983,0.4255,Sideways
1989-11,-0.0619,0.2407,Sideways
1989-12,-0.0229,0.0785,Sideways
1990-01,0.0149,0.0556,Sideways
1990-02,0.0747,0.2929,Sideways
1990-03,0.0077,0.0248,Sideways
1990-04,-0.0260,0.0746,Sideways
1990-05,-0.0054,0.0159,Sideways
1990-06,-0.0435,0.1143,Sideways
1990-07,-0.0320,0.0833,Sideways
1990-08,0.0822,0.1807,Sideways
1990-09,0.0746,0.1598,Sideways
1990-10,0.0381,0.0814,Sideways
1990-11,-0.0305,0.0822,Sideways
1990-12,-0.0791,0.2388,Sideways
1991-01,-0.0634,0.1831,Sideways
1991-02,-0.1271,0.3419,Down
1991-03,-0.0763,0.2273,Sideways
1991-04,-0.0428,0.1356,Sideways
1991-05,-0.0325,0.1053,Sideways
1991-06,0.0426,0.1402,Sideways
1991-07,0.0138,0.0515,Sideways
1991-08,-0.0987,0.5065,Sideways
1991-09,-0.1028,0.5128,Down
1991-10,-0.0577,0.2750,Sideways
1991-11,-0.0576,0.2750,Sideways
1991-12,-0.0398,0.1948,Sideways
1992-01,-0.0781,0.3846,Sideways
1992-02,-0.0275,0.1724,Sideways
1992-03,-0.0523,0.2836,Sideways
1992-04,-0.0531,0.2836,Sideways
1992-05,-0.0560,0.2941,Sideways
1992-06,-0.0708,0.4194,Sideways
1992-07,-0.0408,0.2055,Sideways
1992-08,-0.0365,0.1831,Sideways
1992-09,-0.0115,0.0606,Sideways
1992-10,-0.0418,0.2632,Sideways
1992-11,-0.0694,0.3846,Sideways
1992-12,-0.0746,0.4286,Sideways
1993-01,-0.0706,0.4098,Sideways
1993-02,-0.0706,0.4098,Sideways
1993-03,-0.0407,0.2692,Sideways
1993-04,0.0088,0.0508,Sideways
1993-05,0.0890,0.3659,Sideways
1993-06,0.0909,0.3735,Sideways
1993-07,0.1105,0.4286,Up
1993-08,0.1050,0.3830,Up
1993-09,0.0290,0.0862,Sideways
1993-10,0.0581,0.1613,Sideways
1993-11,0.1164,0.3120,Up
1993-12,0.1433,0.3582,Up
1994-01,0.1763,0.4394,Up
1994-02,0.1611,0.3869,Up
1994-03,0.1636,0.3913,Up
1994-04,0.1023,0.2632,Sideways
1994-05,0.0381,0.1250,Sideways
1994-06,0.0376,0.1250,Sideways
1994-07,-0.0179,0.0753,Sideways
1994-08,0.0026,0.0118,Sideways
1994-09,0.1042,0.5068,Up
1994-10,0.0714,0.3939,Sideways
1994-11,0.0267,0.1613,Sideways
1994-12,-0.0104,0.0690,Sideways
1995-01,-0.0207,0.1481,Sideways
1995-02,-0.0131,0.0980,Sideways
1995-03,-0.0052,0.0370,Sideways
1995-04,0.0371,0.2500,Sideways
1995-05,0.0105,0.0690,Sideways
1995-06,0.0052,0.0357,Sideways
1995-07,0.0026,0.0175,Sideways
1995-08,0.0105,0.0741,Sideways
1995-09,-0.0230,0.2093,Sideways
1995-10,-0.0179,0.1707,Sideways
1995-11,0.0026,0.0270,Sideways
1995-12,0.0211,0.2353,Sideways
1996-01,0.0528,0.4348,Sideways
1996-02,0.0743,0.5600,Sideways
1996-03,0.0366,0.2593,Sideways
1996-04,0.0051,0.0417,Sideways
1996-05,0.0182,0.1628,Sideways
1996-06,-0.0077,0.0638,Sideways
1996-07,-0.0078,0.0638,Sideways
1996-08,0.0078,0.0612,Sideways
1996-09,0.0000,0.0000,Sideways
1996-10,-0.0052,0.0370,Sideways
1996-11,-0.0182,0.1273,Sideways
1996-12,-0.0465,0.2903,Sideways
1997-01,-0.1103,0.6875,Down
1997-02,-0.1432,0.8788,Down
1997-03,-0.1111,0.7097,Down
1997-04,-0.1247,0.7313,Down
1997-05,-0.1224,0.7273,Down
1997-06,-0.1143,0.7097,Down
1997-07,-0.1540,0.7662,Down
1997-08,-0.1628,0.8630,Down
1997-09,-0.1567,0.8571,Down
1997-10,-0.1470,0.8000,Down
1997-11,-0.1905,0.8372,Down
1997-12,-0.2168,0.8511,Down
1998-01,-0.1859,0.8250,Down
1998-02,-0.1441,0.6250,Down
1998-03,-0.1591,0.7368,Down
1998-04,-0.1047,0.4500,Down
1998-05,-0.1308,0.5056,Down
1998-06,-0.1437,0.5269,Down
1998-07,-0.0957,0.4026,Sideways
1998-08,-0.1235,0.4651,Down
1998-09,-0.1053,0.3778,Down
1998-10,-0.0892,0.3053,Sideways
1998-11,-0.0392,0.1538,Sideways
1998-12,0.0104,0.0476,Sideways
1999-01,-0.0069,0.0294,Sideways
1999-02,-0.0337,0.1667,Sideways
1999-03,-0.0338,0.1667,Sideways
1999-04,-0.0812,0.4902,Sideways
1999-05,-0.0769,0.4694,Sideways
1999-06,-0.1062,0.5439,Down
1999-07,-0.1263,0.6066,Down
1999-08,-0.0951,0.5094,Sideways
1999-09,-0.0830,0.4286,Sideways
1999-10,0.0507,0.1579,Sideways
1999-11,-0.0034,0.0090,Sideways
1999-12,-0.0308,0.0756,Sideways
2000-01,-0.0105,0.0261,Sideways
2000-02,0.0453,0.0992,Sideways
2000-03,0.0000,0.0000,Sideways
2000-04,-0.0106,0.0204,Sideways
2000-05,-0.0036,0.0069,Sideways
2000-06,0.0958,0.1773,Sideways
2000-07,0.1016,0.1857,Sideways
2000-08,0.0680,0.1192,Sideways
2000-09,0.0340,0.0647,Sideways
2000-10,-0.1318,0.4227,Down
2000-11,-0.0922,0.3253,Sideways
2000-12,-0.0424,0.1538,Sideways
2001-01,-0.0669,0.2289,Sideways
2001-02,-0.1267,0.5429,Down
2001-03,-0.0804,0.4035,Sideways
2001-04,-0.0714,0.3704,Sideways
2001-05,-0.0109,0.0492,Sideways
2001-06,-0.0559,0.3077,Sideways
2001-07,-0.0496,0.2800,Sideways
2001-08,-0.0090,0.0532,Sideways
2001-09,0.0328,0.1579,Sideways
2001-10,0.0481,0.2453,Sideways
2001-11,0.0376,0.1786,Sideways
2001-12,0.0185,0.0980,Sideways
2002-01,0.0642,0.3333,Sideways
2002-02,0.1298,0.5484,Up
2002-03,0.1179,0.4921,Up
2002-04,0.1654,0.6232,Up
2002-05,0.1544,0.6176,Up
2002-06,0.1889,0.6986,Up
2002-07,0.1679,0.5696,Up
2002-08,0.1397,0.4872,Up
2002-09,0.1272,0.4737,Up
2002-10,0.1201,0.4359,Up
2002-11,0.1558,0.5890,Up
2002-12,0.2029,0.6512,Up
2003-01,0.2660,0.7143,Up
2003-02,0.2128,0.6774,Up
2003-03,0.1599,0.4312,Up
2003-04,0.0825,0.2212,Sideways
2003-05,0.1338,0.3231,Up
2003-06,0.1090,0.2846,Sideways
2003-07,0.1214,0.3167,Up
2003-08,0.1613,0.3968,Up
2003-09,0.1881,0.4412,Up
2003-10,0.1956,0.4627,Up
2003-11,0.2226,0.4965,Up
2003-12,0.2259,0.5102,Up
2004-01,0.1597,0.4419,Up
2004-02,0.1281,0.3382,Up
2004-03,0.1935,0.5500,Up
2004-04,0.2287,0.6757,Up
2004-05,0.0787,0.2745,Sideways
2004-06,0.1011,0.3273,Up
2004-07,0.1339,0.4234,Up
2004-08,0.1139,0.3905,Up
2004-09,0.0686,0.2889,Sideways
2004-10,0.1082,0.3905,Up
2004-11,0.1256,0.4336,Up
2004-12,0.0860,0.3535,Sideways
2005-01,0.0242,0.0909,Sideways
2005-02,0.0444,0.1765,Sideways
2005-03,0.0663,0.2432,Sideways
2005-04,0.0645,0.2321,Sideways
2005-05,0.0990,0.3800,Sideways
2005-06,0.0995,0.3861,Sideways
2005-07,0.0653,0.2549,Sideways
2005-08,0.0923,0.3274,Sideways
2005-09,0.1259,0.4016,Up
2005-10,0.1190,0.3968,Up
2005-11,0.0866,0.3333,Sideways
2005-12,0.1538,0.4722,Up
2006-01,0.2972,0.7590,Up
2006-02,0.3121,0.7765,Up
2006-03,0.2834,0.7640,Up
2006-04,0.4242,0.8667,Up
2006-05,0.5995,0.9476,Up
2006-06,0.3828,0.4896,Up
2006-07,0.4953,0.5707,Up
2006-08,0.4452,0.5493,Up
2006-09,0.3114,0.3817,Up
2006-10,0.2468,0.3135,Up
2006-11,0.3166,0.3728,Up
2006-12,0.2353,0.3209,Up
2007-01,0.1473,0.2418,Sideways
2007-02,0.1982,0.3022,Up
2007-03,0.1759,0.2634,Sideways
2007-04,0.1113,0.1988,Sideways
2007-05,-0.0119,0.0276,Sideways
2007-06,0.1007,0.2703,Sideways
2007-07,0.0489,0.1606,Sideways
2007-08,0.0506,0.1667,Sideways
2007-09,0.1923,0.5610,Up
2007-10,0.2884,0.7191,Up
2007-11,0.2834,0.7295,Up
2007-12,0.2746,0.7061,Up
2008-01,0.4105,0.7825,Up
2008-02,0.3865,0.7812,Up
2008-03,0.4779,0.8575,Up
2008-04,0.3402,0.5789,Up
2008-05,0.3328,0.5441,Up
2008-06,0.3552,0.5869,Up
2008-07,0.4135,0.6264,Up
2008-08,0.2617,0.3222,Up
2008-09,0.1641,0.2335,Sideways
2008-10,0.0689,0.1079,Sideways
2008-11,-0.0558,0.0943,Sideways
2008-12,0.0162,0.0246,Sideways
2009-01,-0.0348,0.0639,Sideways
2009-02,0.0228,0.0391,Sideways
2009-03,-0.0455,0.0863,Sideways
2009-04,-0.0220,0.0412,Sideways
2009-05,0.0450,0.0794,Sideways
2009-06,0.0641,0.1094,Sideways
2009-07,-0.0064,0.0124,Sideways
2009-08,0.1311,0.2778,Sideways
2009-09,0.2012,0.3839,Up
2009-10,0.2924,0.5153,Up
2009-11,0.4809,0.7379,Up
2009-12,0.3909,0.7105,Up
2010-01,0.3015,0.6123,Up
2010-02,0.1612,0.4199,Up
2010-03,0.2045,0.5235,Up
2010-04,0.2910,0.7135,Up
2010-05,0.2971,0.7263,Up
2010-06,0.3034,0.7340,Up
2010-07,0.2773,0.6181,Up
2010-08,0.2813,0.6253,Up
2010-09,0.2748,0.6313,Up
2010-10,0.2867,0.6514,Up
2010-11,0.2156,0.6030,Up
2010-12,0.2256,0.6154,Up
2011-01,0.2165,0.5628,Up
2011-02,0.2557,0.6635,Up
2011-03,0.2785,0.6858,Up
2011-04,0.2889,0.7004,Up
2011-05,0.2556,0.6844,Up
2011-06,0.2401,0.6758,Up
2011-07,0.3185,0.8597,Up
2011-08,0.4465,0.8975,Up
2011-09,0.3942,0.8899,Up
2011-10,0.2414,0.5418,Up
2011-11,0.2693,0.5739,Up
2011-12,0.1790,0.3454,Up
2012-01,0.2162,0.4176,Up
2012-02,0.2691,0.4744,Up
2012-03,0.1778,0.3159,Up
2012-04,0.1134,0.2182,Sideways
2012-05,0.0502,0.0952,Sideways
2012-06,0.0458,0.0884,Sideways
2012-07,0.0134,0.0279,Sideways
2012-08,-0.0733,0.2139,Sideways
2012-09,-0.0152,0.0383,Sideways
2012-10,0.0486,0.1348,Sideways
2012-11,-0.0098,0.0307,Sideways
2012-12,0.0274,0.0916,Sideways
2013-01,0.0109,0.0367,Sideways
2013-02,-0.0670,0.2641,Sideways
2013-03,-0.0495,0.2029,Sideways
2013-04,-0.0976,0.3306,Sideways
2013-05,-0.1101,0.3493,Down
2013-06,-0.1601,0.4555,Down
2013-07,-0.1932,0.5016,Down
2013-08,-0.1706,0.4317,Down
2013-09,-0.2269,0.7444,Down
2013-10,-0.2461,0.7651,Down
2013-11,-0.2590,0.7716,Down
2013-12,-0.2748,0.7782,Down
2014-01,-0.2560,0.7086,Down
2014-02,-0.2015,0.5325,Down
2014-03,-0.1613,0.4165,Down
2014-04,-0.1277,0.3455,Down
2014-05,-0.0884,0.2577,Sideways
2014-06,-0.0477,0.1509,Sideways
2014-07,0.0194,0.0627,Sideways
2014-08,-0.0422,0.1633,Sideways
2014-09,-0.0830,0.2772,Sideways
2014-10,-0.0721,0.2455,Sideways
2014-11,-0.0792,0.2570,Sideways
2014-12,-0.0172,0.0575,Sideways
2015-01,0.0056,0.0178,Sideways
2015-02,-0.0562,0.2022,Sideways
2015-03,-0.1175,0.4209,Down
2015-04,-0.0763,0.2789,Sideways
2015-05,-0.0698,0.2601,Sideways
2015-06,-0.0758,0.2748,Sideways
2015-07,-0.1396,0.4880,Down
2015-08,-0.1367,0.4797,Down
2015-09,-0.0905,0.3522,Sideways
2015-10,-0.0516,0.1869,Sideways
2015-11,-0.0757,0.2452,Sideways
2015-12,-0.1041,0.3602,Down
2016-01,-0.1223,0.4796,Down
2016-02,-0.0220,0.0680,Sideways
2016-03,0.0560,0.1675,Sideways
2016-04,0.0359,0.1141,Sideways
2016-05,0.0517,0.1566,Sideways
2016-06,0.0795,0.2386,Sideways
2016-07,0.1853,0.5212,Up
2016-08,0.1986,0.5635,Up
2016-09,0.1796,0.5050,Up
2016-10,0.0932,0.2535,Sideways
2016-11,0.1400,0.3979,Up
2016-12,0.0753,0.1788,Sideways
2017-01,0.0856,0.2017,Sideways
2017-02,0.0283,0.0837,Sideways
2017-03,-0.0112,0.0385,Sideways
2017-04,0.0201,0.0630,Sideways
2017-05,-0.0119,0.0376,Sideways
2017-06,-0.0125,0.0402,Sideways
2017-07,-0.0748,0.2778,Sideways
2017-08,-0.0425,0.1414,Sideways
2017-09,-0.0098,0.0309,Sideways
2017-10,0.0103,0.0329,Sideways
2017-11,0.0355,0.1196,Sideways
2017-12,0.0925,0.3508,Sideways
2018-01,0.1166,0.4125,Up
2018-02,0.0786,0.3288,Sideways
2018-03,0.0764,0.3154,Sideways
2018-04,0.0537,0.2500,Sideways
2018-05,0.0457,0.2014,Sideways
2018-06,0.0175,0.0759,Sideways
2018-07,0.0008,0.0032,Sideways
2018-08,-0.0631,0.2691,Sideways
2018-09,-0.0883,0.4234,Sideways
2018-10,-0.0508,0.2529,Sideways
2018-11,-0.0476,0.2337,Sideways
2018-12,-0.0111,0.0515,Sideways
2019-01,-0.0293,0.1579,Sideways
2019-02,-0.0083,0.0400,Sideways
2019-03,-0.0181,0.0833,Sideways
2019-04,-0.0367,0.1672,Sideways
2019-05,-0.0146,0.0722,Sideways
2019-06,0.0601,0.2429,Sideways
2019-07,0.1414,0.5352,Up
2019-08,0.2479,0.7884,Up
2019-09,0.2613,0.8130,Up
2019-10,0.2305,0.7292,Up
2019-11,0.2048,0.6219,Up
2019-12,0.1832,0.6010,Up
2020-01,0.2082,0.6390,Up
2020-02,0.2098,0.6457,Up
2020-03,0.2237,0.7012,Up
2020-04,0.3087,0.8086,Up
2020-05,0.3364,0.8276,Up
2020-06,0.2745,0.8056,Up
2020-07,0.3071,0.8282,Up
2020-08,0.3127,0.8390,Up
2020-09,0.2720,0.6908,Up
2020-10,0.2709,0.6739,Up
2020-11,0.2685,0.6465,Up
2020-12,0.2563,0.6203,Up
2021-01,0.1960,0.5688,Up
2021-02,0.1321,0.3761,Up
2021-03,0.0791,0.1950,Sideways
2021-04,0.0458,0.1290,Sideways
2021-05,0.0781,0.2049,Sideways
2021-06,0.0595,0.1577,Sideways
2021-07,-0.0211,0.0690,Sideways
2021-08,-0.0934,0.3948,Sideways
2021-09,-0.0765,0.3427,Sideways
2021-10,-0.0647,0.3007,Sideways
2021-11,-0.0236,0.1048,Sideways
2021-12,-0.0366,0.1532,Sideways
2022-01,-0.0273,0.1106,Sideways
2022-02,0.0265,0.1086,Sideways
2022-03,0.1339,0.5180,Up
2022-04,0.1006,0.4286,Up
2022-05,-0.0005,0.0024,Sideways
2022-06,0.0011,0.0049,Sideways
2022-07,-0.0415,0.1546,Sideways
2022-08,-0.0112,0.0405,Sideways
2022-09,-0.0530,0.1655,Sideways
2022-10,-0.0636,0.1938,Sideways
2022-11,-0.0532,0.1619,Sideways
2022-12,0.0045,0.0125,Sideways
2023-01,0.0452,0.1148,Sideways
2023-02,-0.0005,0.0014,Sideways
2023-03,-0.0180,0.0512,Sideways
2023-04,0.0325,0.0830,Sideways
2023-05,0.0773,0.2106,Sideways
2023-06,0.0577,0.1480,Sideways
2023-07,0.1258,0.3516,Up
2023-08,0.0873,0.2484,Sideways
2023-09,0.1398,0.4360,Up
2023-10,0.1514,0.4828,Up
2023-11,0.1501,0.4896,Up
2023-12,0.1268,0.4578,Up
2024-01,0.0717,0.3350,Sideways
2024-02,0.0906,0.4492,Sideways
2024-03,0.1281,0.5432,Up
2024-04,0.1655,0.6164,Up
2024-05,0.1802,0.6539,Up
2024-06,0.1971,0.7295,Up
2024-07,0.2291,0.7589,Up
2024-08,0.2871,0.8760,Up
2024-09,0.3419,0.9010,Up
2024-10,0.4040,0.9149,Up
2024-11,0.3362,0.8164,Up
2024-12,0.3070,0.7995,Up
2025-01,0.3324,0.8125,Up
2025-02,0.4310,0.8668,Up
2025-03,0.3823,0.8603,Up
2025-04,0.3805,0.8688,Up
2025-05,0.4075,0.8773,Up
2025-06,0.4415,0.9244,Up
2025-07,0.3928,0.8954,Up
2025-08,0.3636,0.8909,Up
2025-09,0.4267,0.9089,Up
2025-10,0.5086,0.9256,Up
2025-11,0.5417,0.9782,Up
2025-12,0.6273,0.9846,Up
2026-01,0.7539,0.9874,Up
2026-02,0.7340,0.9879,Up
2026-03,0.6279,0.8410,Up
2026-04,0.4671,0.7066,Up
2026-05,0.3862,0.5889,Up
2026-06,0.2610,0.3521,Up
2026-07,0.2195,0.2790,Sideways
2026-08,0.3097,0.3551,Up
2026-09,0.1775,0.2385,Sideways
