moment_id,date,label,type,description,theme_ids,source_url
km_1971_08,1971-08-15,Gold window closed,policy_shift,US closes the gold window; the dollar price of gold begins to float,fed_real_rates,
km_1974_12,1974-12-31,Peak before mid-1970s correction,peak,Peak before the 1975-76 correction,,
km_1976_08,1976-08-31,Mid-1970s low,trough,Low of the mid-1970s correction,,
km_1980_01,1980-01-21,1970s peak,peak,1970s peak; Volcker tightening follows,fed_real_rates,
km_1985_02,1985-02-28,Post-1980 low,trough,Low after the 1980 peak,,
km_1999_08,1999-08-31,Multi-decade low,trough,Multi-decade low; Washington Agreement on central bank sales follows in September 1999,cb_diversification,
km_2008_03,2008-03-17,First move above $1000,breakout,Gold trades above $1000 for the first time,,
km_2008_10,2008-10-24,Financial crisis liquidation,crash,Forced selling during the financial crisis,fed_real_rates,
km_2011_09,2011-09-06,2011 peak,peak,Peak of the post-2008 bull market,fiscal_dominance,
km_2013_04,2013-04-15,Taper-fear crash,crash,Two-day crash ahead of the taper tantrum,fed_real_rates,
km_2015_12,2015-12-17,Post-2011 low; Fed begins hiking,trough,Low after the 2011 peak as the Fed starts its hiking cycle,fed_real_rates,
km_2020_08,2020-08-06,Pandemic-era peak,peak,Peak during the pandemic,fed_real_rates,
km_2022_03,2022-03-08,Russia invasion and reserve freezes,shock,Invasion of Ukraine and freezing of Russian reserves (Feb to Mar 2022),sanctions_freezes,
km_2026_01,2026-01-29,2026 peak above $5500,peak,2026 peak above $5500 intraday (approximate date; verify),middle_east_iran,
km_2026_06,2026-06-30,2026 low at $3955,trough,2026 low at $3955 intraday,fed_real_rates,
